repo,subfolder,revision,tag,domain,task,round,kind,method,seed,cell,step,retrain,dp_artifact_resolved,training_datasets,validation_datasets
mulligan/real-marker-d2-c05-collector-idql-critic,,6aed70f029c8b40cd20c19362a5ea6150c17b2bf,release-1,real,real-marker-d2,c05,idql-critic,mulligan-idql,,,125000,exact,mulligan/real-marker-d2-r04-mulligan-dp,mulligan/real-marker-d2-c00-teleop-sobol;mulligan/real-marker-d2-c01-dagger-mulligan;mulligan/real-marker-d2-c02-dagger-mulligan;mulligan/real-marker-d2-c03-dagger-mulligan;mulligan/real-marker-d2-c04-dagger-mulligan;mulligan/real-marker-d2-r00-eval-b01-sobol-dp-policy-rollouts;mulligan/real-marker-d2-r01-eval-b01-mulligan-dp-policy-rollouts;mulligan/real-marker-d2-r02-eval-b01-mulligan-dp-policy-rollouts;mulligan/real-marker-d2-r02-eval-b03;mulligan/real-marker-d2-r03-eval-b01-mulligan-dp-policy-rollouts;mulligan/real-marker-d2-r03-eval-b01-mulligan-idql-policy-rollouts,mulligan/real-marker-d2-c00-teleop-validation;mulligan/real-marker-d2-r00-eval-b01-baseline-dp-policy-rollouts;mulligan/real-marker-d2-r02-eval-b01-baseline-dp-policy-rollouts
mulligan/real-marker-d2-r00-baseline-dp,,c9d0d2de62500538d29148409cc75dc256673189,release-1,real,real-marker-d2,r00,dp-actor,baseline-dp,,,50000,exact,,mulligan/real-marker-d2-c00-teleop-baseline,mulligan/real-marker-d2-c00-teleop-validation
mulligan/real-marker-d2-r00-sobol-dp,,1a42420dd0a60e5392bbfd41592207f6e5afdfa2,release-1,real,real-marker-d2,r00,dp-actor,sobol-dp,,,50000,exact,,mulligan/real-marker-d2-c00-teleop-sobol,mulligan/real-marker-d2-c00-teleop-validation
mulligan/real-marker-d2-r01-baseline-dp,,4cdaef1117c8f8ba6fd4c337c917377a6d020e82,release-1,real,real-marker-d2,r01,dp-actor,baseline-dp,,,100000,exact,,mulligan/real-marker-d2-c00-teleop-baseline;mulligan/real-marker-d2-c01-dagger-baseline,mulligan/real-marker-d2-c00-teleop-validation
mulligan/real-marker-d2-r01-mulligan-dp,,fc6579ee9694958f5ed6c40f901092666bb3f53e,release-1,real,real-marker-d2,r01,dp-actor,mulligan-dp,,,100000,exact,,mulligan/real-marker-d2-c00-teleop-sobol;mulligan/real-marker-d2-c01-dagger-mulligan,mulligan/real-marker-d2-c00-teleop-validation
mulligan/real-marker-d2-r01-mulligan-no-cf-dp,,fbb98c1f423735693a9c90f86526c3135a5716d4,release-1,real,real-marker-d2,r01,dp-actor,mulligan-no-cf-dp,,,100000,exact,,mulligan/real-marker-d2-c00-teleop-sobol;mulligan/real-marker-d2-c01-dagger-mulligan-no-cf,mulligan/real-marker-d2-c00-teleop-validation
mulligan/real-marker-d2-r02-baseline-dp,,235fae559d4f1cb37a0623187f853f808d577f83,release-1,real,real-marker-d2,r02,dp-actor,baseline-dp,,,100000,exact,,mulligan/real-marker-d2-c00-teleop-baseline;mulligan/real-marker-d2-c01-dagger-baseline;mulligan/real-marker-d2-c02-dagger-baseline,mulligan/real-marker-d2-c00-teleop-validation
mulligan/real-marker-d2-r02-mulligan-dp,,75eac3bc9b96ab316c8aa26f455132c30ef6766e,release-1,real,real-marker-d2,r02,dp-actor,mulligan-dp,,,100000,exact,,mulligan/real-marker-d2-c00-teleop-sobol;mulligan/real-marker-d2-c01-dagger-mulligan;mulligan/real-marker-d2-c02-dagger-mulligan,mulligan/real-marker-d2-c00-teleop-validation
mulligan/real-marker-d2-r02-mulligan-idql-critic,,56b7e30553d3faa061e0940a6808cb211e672613,release-1,real,real-marker-d2,r02,idql-critic,mulligan-idql,,,125000,exact,mulligan/real-marker-d2-r02-mulligan-dp,mulligan/real-marker-d2-c00-teleop-sobol;mulligan/real-marker-d2-c01-dagger-mulligan;mulligan/real-marker-d2-c02-dagger-mulligan;mulligan/real-marker-d2-r00-eval-b01-sobol-dp-policy-rollouts;mulligan/real-marker-d2-r01-eval-b01-mulligan-dp-policy-rollouts;mulligan/real-marker-d2-r02-eval-b01-mulligan-dp-policy-rollouts,mulligan/real-marker-d2-c00-teleop-validation;mulligan/real-marker-d2-r00-eval-b01-baseline-dp-policy-rollouts;mulligan/real-marker-d2-r02-eval-b01-baseline-dp-policy-rollouts
mulligan/real-marker-d2-r02-mulligan-no-cf-dp,,ecc827f9c727855e12368ec1d5853692187da97b,release-1,real,real-marker-d2,r02,dp-actor,mulligan-no-cf-dp,,,100000,exact,,mulligan/real-marker-d2-c00-teleop-sobol;mulligan/real-marker-d2-c01-dagger-mulligan;mulligan/real-marker-d2-c02-dagger-mulligan-no-cf,mulligan/real-marker-d2-c00-teleop-validation
mulligan/real-marker-d2-r03-baseline-dp,,7414bcd82936fdcb22e75341de1c6669ed1c3cd9,release-1,real,real-marker-d2,r03,dp-actor,baseline-dp,,,100000,exact,,mulligan/real-marker-d2-c00-teleop-baseline;mulligan/real-marker-d2-c01-dagger-baseline;mulligan/real-marker-d2-c02-dagger-baseline;mulligan/real-marker-d2-c03-dagger-baseline,mulligan/real-marker-d2-c00-teleop-validation
mulligan/real-marker-d2-r03-mulligan-dp,,0f03dc163abd47eeef0bee1ab51bd0c9304c6532,release-1,real,real-marker-d2,r03,dp-actor,mulligan-dp,,,100000,exact,,mulligan/real-marker-d2-c00-teleop-sobol;mulligan/real-marker-d2-c01-dagger-mulligan;mulligan/real-marker-d2-c02-dagger-mulligan;mulligan/real-marker-d2-c03-dagger-mulligan,mulligan/real-marker-d2-c00-teleop-validation
mulligan/real-marker-d2-r03-mulligan-idql-critic,,0113be01c9ba641ba1550b917fdce7891f104ce1,release-1,real,real-marker-d2,r03,idql-critic,mulligan-idql,,,100000,exact,mulligan/real-marker-d2-r03-mulligan-dp,mulligan/real-marker-d2-c00-teleop-sobol;mulligan/real-marker-d2-c01-dagger-mulligan;mulligan/real-marker-d2-c02-dagger-mulligan;mulligan/real-marker-d2-c03-dagger-mulligan-no-cf;mulligan/real-marker-d2-c03-dagger-mulligan;mulligan/real-marker-d2-r00-eval-b01-sobol-dp-policy-rollouts;mulligan/real-marker-d2-r01-eval-b01-mulligan-dp-policy-rollouts;mulligan/real-marker-d2-r02-eval-b01-mulligan-dp-policy-rollouts;mulligan/real-marker-d2-r02-eval-b03,mulligan/real-marker-d2-c00-teleop-validation;mulligan/real-marker-d2-r00-eval-b01-baseline-dp-policy-rollouts;mulligan/real-marker-d2-r02-eval-b01-baseline-dp-policy-rollouts
mulligan/real-marker-d2-r04-baseline-dp,,5fd5fda05a659e364fc14ed49352e9274f58c304,release-1,real,real-marker-d2,r04,dp-actor,baseline-dp,,,100000,exact,,mulligan/real-marker-d2-c00-teleop-baseline;mulligan/real-marker-d2-c01-dagger-baseline;mulligan/real-marker-d2-c02-dagger-baseline;mulligan/real-marker-d2-c03-dagger-baseline;mulligan/real-marker-d2-c04-dagger-baseline,mulligan/real-marker-d2-c00-teleop-validation
mulligan/real-marker-d2-r04-mulligan-dp,,86e4acd0de60f7d686a3ba1bfb148f7aa5704625,release-1,real,real-marker-d2,r04,dp-actor,mulligan-dp,,,100000,exact,,mulligan/real-marker-d2-c00-teleop-sobol;mulligan/real-marker-d2-c01-dagger-mulligan;mulligan/real-marker-d2-c02-dagger-mulligan;mulligan/real-marker-d2-c03-dagger-mulligan;mulligan/real-marker-d2-c04-dagger-mulligan,mulligan/real-marker-d2-c00-teleop-validation
mulligan/real-marker-d2-r04-mulligan-idql-critic,,6f0903ead7f0d75e36b7c691912870812d6cb947,release-1,real,real-marker-d2,r04,idql-critic,mulligan-idql,,,125000,exact,mulligan/real-marker-d2-r04-mulligan-dp,mulligan/real-marker-d2-c00-teleop-sobol;mulligan/real-marker-d2-c01-dagger-mulligan;mulligan/real-marker-d2-c02-dagger-mulligan;mulligan/real-marker-d2-c03-dagger-mulligan-no-cf;mulligan/real-marker-d2-c03-dagger-mulligan;mulligan/real-marker-d2-c04-dagger-mulligan-no-cf;mulligan/real-marker-d2-c04-dagger-mulligan;mulligan/real-marker-d2-r00-eval-b01-sobol-dp-policy-rollouts;mulligan/real-marker-d2-r01-eval-b01-mulligan-dp-policy-rollouts;mulligan/real-marker-d2-r02-eval-b01-mulligan-dp-policy-rollouts;mulligan/real-marker-d2-r02-eval-b03;mulligan/real-marker-d2-r03-eval-b01-mulligan-dp-policy-rollouts;mulligan/real-marker-d2-r03-eval-b01-mulligan-idql-policy-rollouts,mulligan/real-marker-d2-c00-teleop-validation;mulligan/real-marker-d2-r00-eval-b01-baseline-dp-policy-rollouts;mulligan/real-marker-d2-r02-eval-b01-baseline-dp-policy-rollouts
mulligan/real-marker-d2-r05-baseline-dp,,4ba17577900bc1475fc9df65472cc24938afadb7,release-1,real,real-marker-d2,r05,dp-actor,baseline-dp,,,100000,exact,,mulligan/real-marker-d2-c00-teleop-baseline;mulligan/real-marker-d2-c01-dagger-baseline;mulligan/real-marker-d2-c02-dagger-baseline;mulligan/real-marker-d2-c03-dagger-baseline;mulligan/real-marker-d2-c04-dagger-baseline;mulligan/real-marker-d2-c05-dagger-baseline,mulligan/real-marker-d2-c00-teleop-validation
mulligan/real-marker-d2-r05-mulligan-dp,,cb461d1bb7fe776de45b45d305b98cfe82bc67f6,release-1,real,real-marker-d2,r05,dp-actor,mulligan-dp,,,100000,exact,,mulligan/real-marker-d2-c00-teleop-sobol;mulligan/real-marker-d2-c01-dagger-mulligan;mulligan/real-marker-d2-c02-dagger-mulligan;mulligan/real-marker-d2-c03-dagger-mulligan;mulligan/real-marker-d2-c04-dagger-mulligan;mulligan/real-marker-d2-c05-dagger-mulligan,mulligan/real-marker-d2-c00-teleop-validation
mulligan/real-marker-d2-r05-mulligan-idql-critic,,ca8988169cd95b97eb242fd619fb93ef0a57635e,release-1,real,real-marker-d2,r05,idql-critic,mulligan-idql,,,200000,exact,mulligan/real-marker-d2-r05-mulligan-dp,mulligan/real-marker-d2-c00-teleop-sobol;mulligan/real-marker-d2-c01-dagger-mulligan;mulligan/real-marker-d2-c02-dagger-mulligan;mulligan/real-marker-d2-c03-dagger-mulligan;mulligan/real-marker-d2-c04-dagger-mulligan;mulligan/real-marker-d2-c05-dagger-mulligan;mulligan/real-marker-d2-r00-eval-b01-sobol-dp-policy-rollouts;mulligan/real-marker-d2-r01-eval-b01-mulligan-dp-policy-rollouts;mulligan/real-marker-d2-r02-eval-b01-mulligan-dp-policy-rollouts;mulligan/real-marker-d2-r02-eval-b03;mulligan/real-marker-d2-r03-eval-b01-mulligan-dp-policy-rollouts;mulligan/real-marker-d2-r03-eval-b01-mulligan-idql-policy-rollouts;mulligan/real-marker-d2-r04-eval-b01-mulligan-dp-policy-rollouts;mulligan/real-marker-d2-r04-eval-b01-mulligan-idql-policy-rollouts,mulligan/real-marker-d2-c00-teleop-validation;mulligan/real-marker-d2-r00-eval-b01-baseline-dp-policy-rollouts;mulligan/real-marker-d2-r02-eval-b01-baseline-dp-policy-rollouts
mulligan/real-marker-d2-r05-mulligan-idql-critic-screen-b02,,9d869c4a564fb3b04dc2f45b8aea1533248965f4,release-1,real,real-marker-d2,r05,idql-critic,mulligan-idql,,,150000,exact,mulligan/real-marker-d2-r05-mulligan-dp,mulligan/real-marker-d2-c00-teleop-sobol;mulligan/real-marker-d2-c01-dagger-mulligan;mulligan/real-marker-d2-c02-dagger-mulligan;mulligan/real-marker-d2-c03-dagger-mulligan;mulligan/real-marker-d2-c04-dagger-mulligan;mulligan/real-marker-d2-c05-dagger-mulligan;mulligan/real-marker-d2-r00-eval-b01-sobol-dp-policy-rollouts;mulligan/real-marker-d2-r01-eval-b01-mulligan-dp-policy-rollouts;mulligan/real-marker-d2-r02-eval-b01-mulligan-dp-policy-rollouts;mulligan/real-marker-d2-r02-eval-b03;mulligan/real-marker-d2-r03-eval-b01-mulligan-dp-policy-rollouts;mulligan/real-marker-d2-r03-eval-b01-mulligan-idql-policy-rollouts;mulligan/real-marker-d2-r04-eval-b01-mulligan-dp-policy-rollouts;mulligan/real-marker-d2-r04-eval-b01-mulligan-idql-policy-rollouts,mulligan/real-marker-d2-c00-teleop-validation;mulligan/real-marker-d2-r00-eval-b01-baseline-dp-policy-rollouts;mulligan/real-marker-d2-r02-eval-b01-baseline-dp-policy-rollouts
mulligan/real-routing-d2-r00-baseline-dp,,62c85e172f1e5adf78b872828ffd26f6023a562a,release-1,real,real-routing-d2,r00,dp-actor,baseline-dp,,,100000,exact,,mulligan/real-routing-d2-c00-teleop-baseline,mulligan/real-routing-d2-c00-teleop-validation
mulligan/real-routing-d2-r00-sobol-dp,,45a65671428e0e96ad203b5f2d0611251079ac1c,release-1,real,real-routing-d2,r00,dp-actor,sobol-dp,,,100000,exact,,mulligan/real-routing-d2-c00-teleop-sobol,mulligan/real-routing-d2-c00-teleop-validation
mulligan/real-routing-d2-r01-baseline-dp,,67c7b6ba9f57ada645985e33818221f928eeccfa,release-1,real,real-routing-d2,r01,dp-actor,baseline-dp,,,100000,exact,,mulligan/real-routing-d2-c00-teleop-baseline;mulligan/real-routing-d2-c01-dagger-baseline;mulligan/real-routing-d2-c02-dagger-baseline,mulligan/real-routing-d2-c00-teleop-validation
mulligan/real-routing-d2-r01-mulligan-dp,,3a9bc6b750493d290ee828cb295de6936afe855b,release-1,real,real-routing-d2,r01,dp-actor,mulligan-dp,,,100000,exact,,mulligan/real-routing-d2-c00-teleop-sobol;mulligan/real-routing-d2-c01-dagger-mulligan;mulligan/real-routing-d2-c02-dagger-mulligan,mulligan/real-routing-d2-c00-teleop-validation
mulligan/real-routing-d2-r02-baseline-dp,,c3707104e99ad2197c5b080fad8e53b2a45cdcf8,release-1,real,real-routing-d2,r02,dp-actor,baseline-dp,,,100000,exact,,mulligan/real-routing-d2-c00-teleop-baseline;mulligan/real-routing-d2-c01-dagger-baseline;mulligan/real-routing-d2-c02-dagger-baseline;mulligan/real-routing-d2-c03-dagger-baseline;mulligan/real-routing-d2-c04-dagger-baseline,mulligan/real-routing-d2-c00-teleop-validation
mulligan/real-routing-d2-r02-mulligan-dp,,43c08bd24144b99a24a2134a8f7ef4ea110def96,release-1,real,real-routing-d2,r02,dp-actor,mulligan-dp,,,100000,exact,,mulligan/real-routing-d2-c00-teleop-sobol;mulligan/real-routing-d2-c01-dagger-mulligan;mulligan/real-routing-d2-c02-dagger-mulligan;mulligan/real-routing-d2-c03-dagger-mulligan;mulligan/real-routing-d2-c04-dagger-mulligan,mulligan/real-routing-d2-c00-teleop-validation
mulligan/real-routing-d2-r03-baseline-dp,,d4804b09817c1c5677603b6791a6598d6a7520ef,release-1,real,real-routing-d2,r03,dp-actor,baseline-dp,,,100000,exact,,mulligan/real-routing-d2-c00-teleop-baseline;mulligan/real-routing-d2-c01-dagger-baseline;mulligan/real-routing-d2-c02-dagger-baseline;mulligan/real-routing-d2-c03-dagger-baseline;mulligan/real-routing-d2-c04-dagger-baseline;mulligan/real-routing-d2-c05-dagger-baseline;mulligan/real-routing-d2-c06-dagger-baseline,mulligan/real-routing-d2-c00-teleop-validation
mulligan/real-routing-d2-r03-mulligan-dp,,b54041d126e611b4ccb39b45e8d2ef0b6183f4e5,release-1,real,real-routing-d2,r03,dp-actor,mulligan-dp,,,100000,exact,,mulligan/real-routing-d2-c00-teleop-sobol;mulligan/real-routing-d2-c01-dagger-mulligan;mulligan/real-routing-d2-c02-dagger-mulligan;mulligan/real-routing-d2-c03-dagger-mulligan;mulligan/real-routing-d2-c04-dagger-mulligan;mulligan/real-routing-d2-c05-dagger-mulligan;mulligan/real-routing-d2-c06-dagger-mulligan,mulligan/real-routing-d2-c00-teleop-validation
mulligan/real-routing-d2-r03-mulligan-idql-critic,,941a880d1354d88a4e3a05407d23c427d87ce5e2,release-1,real,real-routing-d2,r03,idql-critic,mulligan-idql,,,270000,exact,mulligan/real-routing-d2-r03-mulligan-dp,mulligan/real-routing-d2-c01-dagger-mulligan;mulligan/real-routing-d2-c02-dagger-mulligan;mulligan/real-routing-d2-c03-dagger-mulligan;mulligan/real-routing-d2-c04-dagger-mulligan;mulligan/real-routing-d2-c05-dagger-mulligan;mulligan/real-routing-d2-c06-dagger-mulligan;mulligan/real-routing-d2-velocity-r00-eval-b01-sobol-dp-policy-rollouts;mulligan/real-routing-d2-velocity-r01-eval-b01-mulligan-dp-policy-rollouts;mulligan/real-routing-d2-velocity-r02-eval-b01-mulligan-dp-policy-rollouts;mulligan/real-routing-d2-velocity-r03-eval-b01-mulligan-dp-policy-rollouts;mulligan/real-routing-d2-velocity-r04-eval-b01-mulligan-dp-policy-rollouts;mulligan/real-routing-d2-velocity-r04-eval-b01-mulligan-idql-policy-rollouts;mulligan/real-routing-d2-velocity-r05-eval-b01-mulligan-dp-policy-rollouts;mulligan/real-routing-d2-velocity-r05-eval-b01-mulligan-idql-policy-rollouts,mulligan/real-routing-d2-velocity-r00-eval-b01-baseline-dp-policy-rollouts;mulligan/real-routing-d2-velocity-r01-eval-b01-baseline-dp-policy-rollouts;mulligan/real-routing-d2-velocity-r02-eval-b01-baseline-dp-policy-rollouts;mulligan/real-routing-d2-velocity-r03-eval-b01-baseline-dp-policy-rollouts;mulligan/real-routing-d2-velocity-r04-eval-b01-baseline-dp-policy-rollouts;mulligan/real-routing-d2-velocity-r05-eval-b01-baseline-dp-policy-rollouts
mulligan/real-routing-d2-r04-baseline-dp,,991f8c4309ec4b794d4db111cd5240fbf02315bf,release-1,real,real-routing-d2,r04,dp-actor,baseline-dp,,,100000,exact,,mulligan/real-routing-d2-c00-teleop-baseline;mulligan/real-routing-d2-c01-dagger-baseline;mulligan/real-routing-d2-c02-dagger-baseline;mulligan/real-routing-d2-c03-dagger-baseline;mulligan/real-routing-d2-c04-dagger-baseline;mulligan/real-routing-d2-c05-dagger-baseline;mulligan/real-routing-d2-c06-dagger-baseline;mulligan/real-routing-d2-c07-dagger-baseline;mulligan/real-routing-d2-c08-dagger-baseline,mulligan/real-routing-d2-c00-teleop-validation
mulligan/real-routing-d2-r04-mulligan-dp,,530ad1344471139633ab77b74c91e367b788d673,release-1,real,real-routing-d2,r04,dp-actor,mulligan-dp,,,100000,exact,,mulligan/real-routing-d2-c00-teleop-sobol;mulligan/real-routing-d2-c01-dagger-mulligan;mulligan/real-routing-d2-c02-dagger-mulligan;mulligan/real-routing-d2-c03-dagger-mulligan;mulligan/real-routing-d2-c04-dagger-mulligan;mulligan/real-routing-d2-c05-dagger-mulligan;mulligan/real-routing-d2-c06-dagger-mulligan;mulligan/real-routing-d2-c07-dagger-mulligan;mulligan/real-routing-d2-c08-dagger-mulligan,mulligan/real-routing-d2-c00-teleop-validation
mulligan/real-routing-d2-r04-mulligan-idql-critic,,bf43f770a8adcbf5f876fd24358ffc30c380e386,release-1,real,real-routing-d2,r04,idql-critic,mulligan-idql,,,270000,exact,mulligan/real-routing-d2-r04-mulligan-dp,mulligan/real-routing-d2-c01-dagger-mulligan;mulligan/real-routing-d2-c02-dagger-mulligan;mulligan/real-routing-d2-c03-dagger-mulligan;mulligan/real-routing-d2-c04-dagger-mulligan;mulligan/real-routing-d2-c05-dagger-mulligan;mulligan/real-routing-d2-c06-dagger-mulligan;mulligan/real-routing-d2-c07-dagger-mulligan;mulligan/real-routing-d2-c08-dagger-mulligan;mulligan/real-routing-d2-velocity-r00-eval-b01-sobol-dp-policy-rollouts;mulligan/real-routing-d2-velocity-r01-eval-b01-mulligan-dp-policy-rollouts;mulligan/real-routing-d2-velocity-r02-eval-b01-mulligan-dp-policy-rollouts;mulligan/real-routing-d2-velocity-r03-eval-b01-mulligan-dp-policy-rollouts;mulligan/real-routing-d2-velocity-r04-eval-b01-mulligan-dp-policy-rollouts;mulligan/real-routing-d2-velocity-r04-eval-b01-mulligan-idql-policy-rollouts;mulligan/real-routing-d2-velocity-r05-eval-b01-mulligan-dp-policy-rollouts;mulligan/real-routing-d2-velocity-r05-eval-b01-mulligan-idql-policy-rollouts;mulligan/real-routing-d2-velocity-r06-eval-b01-mulligan-dp-policy-rollouts;mulligan/real-routing-d2-velocity-r06-eval-b01-mulligan-idql-policy-rollouts;mulligan/real-routing-d2-velocity-r07-eval-b01-mulligan-dp-policy-rollouts;mulligan/real-routing-d2-velocity-r07-eval-b01-mulligan-idql-policy-rollouts,mulligan/real-routing-d2-velocity-r00-eval-b01-baseline-dp-policy-rollouts;mulligan/real-routing-d2-velocity-r01-eval-b01-baseline-dp-policy-rollouts;mulligan/real-routing-d2-velocity-r02-eval-b01-baseline-dp-policy-rollouts;mulligan/real-routing-d2-velocity-r03-eval-b01-baseline-dp-policy-rollouts;mulligan/real-routing-d2-velocity-r04-eval-b01-baseline-dp-policy-rollouts;mulligan/real-routing-d2-velocity-r05-eval-b01-baseline-dp-policy-rollouts;mulligan/real-routing-d2-velocity-r06-eval-b01-baseline-dp-policy-rollouts;mulligan/real-routing-d2-velocity-r07-eval-b01-baseline-dp-policy-rollouts
mulligan/real-routing-d2-r05-baseline-dp,,9f515604321c31ef776f4e2e02cd3ff0d92fe40a,release-1,real,real-routing-d2,r05,dp-actor,baseline-dp,,,100000,exact,,mulligan/real-routing-d2-c00-teleop-baseline;mulligan/real-routing-d2-c01-dagger-baseline;mulligan/real-routing-d2-c02-dagger-baseline;mulligan/real-routing-d2-c03-dagger-baseline;mulligan/real-routing-d2-c04-dagger-baseline;mulligan/real-routing-d2-c05-dagger-baseline;mulligan/real-routing-d2-c06-dagger-baseline;mulligan/real-routing-d2-c07-dagger-baseline;mulligan/real-routing-d2-c08-dagger-baseline;mulligan/real-routing-d2-c09-dagger-baseline,mulligan/real-routing-d2-c00-teleop-validation
mulligan/real-routing-d2-r05-mulligan-dp,,0560377e95ab94bed23456ff17d6ee27cc0a9180,release-1,real,real-routing-d2,r05,dp-actor,mulligan-dp,,,100000,exact,,mulligan/real-routing-d2-c00-teleop-sobol;mulligan/real-routing-d2-c01-dagger-mulligan;mulligan/real-routing-d2-c02-dagger-mulligan;mulligan/real-routing-d2-c03-dagger-mulligan;mulligan/real-routing-d2-c04-dagger-mulligan;mulligan/real-routing-d2-c05-dagger-mulligan;mulligan/real-routing-d2-c06-dagger-mulligan;mulligan/real-routing-d2-c07-dagger-mulligan;mulligan/real-routing-d2-c08-dagger-mulligan;mulligan/real-routing-d2-c09-dagger-mulligan,mulligan/real-routing-d2-c00-teleop-validation
mulligan/real-routing-d2-r05-mulligan-idql-critic,,0d0c1058c05b26f4551ec5c3d0e9c8e97c4a44eb,release-1,real,real-routing-d2,r05,idql-critic,mulligan-idql,,,314000,exact,mulligan/real-routing-d2-r05-mulligan-dp,mulligan/real-routing-d2-c01-dagger-mulligan;mulligan/real-routing-d2-c02-dagger-mulligan;mulligan/real-routing-d2-c03-dagger-mulligan;mulligan/real-routing-d2-c04-dagger-mulligan;mulligan/real-routing-d2-c05-dagger-mulligan;mulligan/real-routing-d2-c06-dagger-mulligan;mulligan/real-routing-d2-c07-dagger-mulligan;mulligan/real-routing-d2-c08-dagger-mulligan;mulligan/real-routing-d2-c09-dagger-mulligan;mulligan/real-routing-d2-velocity-r00-eval-b01-sobol-dp-policy-rollouts;mulligan/real-routing-d2-velocity-r01-eval-b01-mulligan-dp-policy-rollouts;mulligan/real-routing-d2-velocity-r02-eval-b01-mulligan-dp-policy-rollouts;mulligan/real-routing-d2-velocity-r03-eval-b01-mulligan-dp-policy-rollouts;mulligan/real-routing-d2-velocity-r04-eval-b01-mulligan-dp-policy-rollouts;mulligan/real-routing-d2-velocity-r04-eval-b01-mulligan-idql-policy-rollouts;mulligan/real-routing-d2-velocity-r05-eval-b01-mulligan-dp-policy-rollouts;mulligan/real-routing-d2-velocity-r05-eval-b01-mulligan-idql-policy-rollouts;mulligan/real-routing-d2-velocity-r06-eval-b01-mulligan-dp-policy-rollouts;mulligan/real-routing-d2-velocity-r06-eval-b01-mulligan-idql-policy-rollouts;mulligan/real-routing-d2-velocity-r07-eval-b01-mulligan-dp-policy-rollouts;mulligan/real-routing-d2-velocity-r07-eval-b01-mulligan-idql-policy-rollouts;mulligan/real-routing-d2-velocity-r08-eval-b01-mulligan-dp-policy-rollouts;mulligan/real-routing-d2-velocity-r08-eval-b01-mulligan-idql-policy-rollouts,mulligan/real-routing-d2-velocity-r00-eval-b01-baseline-dp-policy-rollouts;mulligan/real-routing-d2-velocity-r01-eval-b01-baseline-dp-policy-rollouts;mulligan/real-routing-d2-velocity-r02-eval-b01-baseline-dp-policy-rollouts;mulligan/real-routing-d2-velocity-r03-eval-b01-baseline-dp-policy-rollouts;mulligan/real-routing-d2-velocity-r04-eval-b01-baseline-dp-policy-rollouts;mulligan/real-routing-d2-velocity-r05-eval-b01-baseline-dp-policy-rollouts;mulligan/real-routing-d2-velocity-r06-eval-b01-baseline-dp-policy-rollouts;mulligan/real-routing-d2-velocity-r07-eval-b01-baseline-dp-policy-rollouts
mulligan/real-routing-d2-velocity-r00-baseline-dp,,d5f20c5ae016a59f7669d55025eacc9d5dbd82de,release-1,real,real-routing-d2,velocity-r00,dp-actor,baseline-dp,,,75000,exact,,mulligan/real-routing-d2-c00-teleop-baseline,mulligan/real-routing-d2-c00-teleop-validation
mulligan/real-routing-d2-velocity-r00-sobol-dp,,c2ea926ca2a2d9ef2b3aae9b623400d8aec45a3a,release-1,real,real-routing-d2,velocity-r00,dp-actor,sobol-dp,,,75000,exact,,mulligan/real-routing-d2-c00-teleop-sobol,mulligan/real-routing-d2-c00-teleop-validation
mulligan/real-routing-d2-velocity-r01-baseline-dp,,cdd3442d0e7edbe8b3989dc5c20f2cb1042d4fcb,release-1,real,real-routing-d2,velocity-r01,dp-actor,baseline-dp,,,75000,exact,,mulligan/real-routing-d2-c00-teleop-baseline;mulligan/real-routing-d2-c01-dagger-baseline,mulligan/real-routing-d2-c00-teleop-validation
mulligan/real-routing-d2-velocity-r01-mulligan-dp,,7fec775d7d7c59586ab9a250505f85e4be75cb8c,release-1,real,real-routing-d2,velocity-r01,dp-actor,mulligan-dp,,,75000,exact,,mulligan/real-routing-d2-c00-teleop-sobol;mulligan/real-routing-d2-c01-dagger-mulligan,mulligan/real-routing-d2-c00-teleop-validation
mulligan/real-routing-d2-velocity-r02-baseline-dp,,e23f33b20e078b595026e66cc83c231405bafe8d,release-1,real,real-routing-d2,velocity-r02,dp-actor,baseline-dp,,,100000,exact,,mulligan/real-routing-d2-c00-teleop-baseline;mulligan/real-routing-d2-c01-dagger-baseline;mulligan/real-routing-d2-c02-dagger-baseline,mulligan/real-routing-d2-c00-teleop-validation
mulligan/real-routing-d2-velocity-r02-mulligan-dp,,f27fb2fc46bd5b2539033288e584de52576bb53e,release-1,real,real-routing-d2,velocity-r02,dp-actor,mulligan-dp,,,100000,exact,,mulligan/real-routing-d2-c00-teleop-sobol;mulligan/real-routing-d2-c01-dagger-mulligan;mulligan/real-routing-d2-c02-dagger-mulligan,mulligan/real-routing-d2-c00-teleop-validation
mulligan/real-routing-d2-velocity-r03-baseline-dp,,a9ef81f692a1c9fde5c2f9a652ac9bf925ad9a84,release-1,real,real-routing-d2,velocity-r03,dp-actor,baseline-dp,,,100000,exact,,mulligan/real-routing-d2-c00-teleop-baseline;mulligan/real-routing-d2-c01-dagger-baseline;mulligan/real-routing-d2-c02-dagger-baseline;mulligan/real-routing-d2-c03-dagger-baseline,mulligan/real-routing-d2-c00-teleop-validation
mulligan/real-routing-d2-velocity-r03-mulligan-dp,,7524c0175d206c966402ac20d9f7c228755988fa,release-1,real,real-routing-d2,velocity-r03,dp-actor,mulligan-dp,,,100000,exact,,mulligan/real-routing-d2-c00-teleop-sobol;mulligan/real-routing-d2-c01-dagger-mulligan;mulligan/real-routing-d2-c02-dagger-mulligan;mulligan/real-routing-d2-c03-dagger-mulligan,mulligan/real-routing-d2-c00-teleop-validation
mulligan/real-routing-d2-velocity-r04-baseline-dp,,e39b62c5fb7e98aea3ceaf5691581cc24474df3b,release-1,real,real-routing-d2,velocity-r04,dp-actor,baseline-dp,,,100000,exact,,mulligan/real-routing-d2-c00-teleop-baseline;mulligan/real-routing-d2-c01-dagger-baseline;mulligan/real-routing-d2-c02-dagger-baseline;mulligan/real-routing-d2-c03-dagger-baseline;mulligan/real-routing-d2-c04-dagger-baseline,mulligan/real-routing-d2-c00-teleop-validation
mulligan/real-routing-d2-velocity-r04-mulligan-dp,,b534104c842d4e2c47129c7d924e508706dff350,release-1,real,real-routing-d2,velocity-r04,dp-actor,mulligan-dp,,,100000,exact,,mulligan/real-routing-d2-c00-teleop-sobol;mulligan/real-routing-d2-c01-dagger-mulligan;mulligan/real-routing-d2-c02-dagger-mulligan;mulligan/real-routing-d2-c03-dagger-mulligan;mulligan/real-routing-d2-c04-dagger-mulligan,mulligan/real-routing-d2-c00-teleop-validation
mulligan/real-routing-d2-velocity-r04-mulligan-idql-critic,,b809601690bad8a07bd77c1899c59775d80a42d3,release-1,real,real-routing-d2,velocity-r04,idql-critic,mulligan-idql,,,150000,exact,mulligan/real-routing-d2-velocity-r04-mulligan-dp,mulligan/real-routing-d2-c01-dagger-mulligan;mulligan/real-routing-d2-c02-dagger-mulligan;mulligan/real-routing-d2-c03-dagger-mulligan;mulligan/real-routing-d2-c04-dagger-mulligan;mulligan/real-routing-d2-velocity-r00-eval-b01-sobol-dp-policy-rollouts;mulligan/real-routing-d2-velocity-r01-eval-b01-mulligan-dp-policy-rollouts;mulligan/real-routing-d2-velocity-r02-eval-b01-mulligan-dp-policy-rollouts;mulligan/real-routing-d2-velocity-r03-eval-b01-mulligan-dp-policy-rollouts,mulligan/real-routing-d2-velocity-r00-eval-b01-baseline-dp-policy-rollouts;mulligan/real-routing-d2-velocity-r01-eval-b01-baseline-dp-policy-rollouts;mulligan/real-routing-d2-velocity-r02-eval-b01-baseline-dp-policy-rollouts;mulligan/real-routing-d2-velocity-r03-eval-b01-baseline-dp-policy-rollouts
mulligan/real-routing-d2-velocity-r05-baseline-dp,,09c53210b212c825ac00b7273de7bf48a60a40b1,release-1,real,real-routing-d2,velocity-r05,dp-actor,baseline-dp,,,100000,exact,,mulligan/real-routing-d2-c00-teleop-baseline;mulligan/real-routing-d2-c01-dagger-baseline;mulligan/real-routing-d2-c02-dagger-baseline;mulligan/real-routing-d2-c03-dagger-baseline;mulligan/real-routing-d2-c04-dagger-baseline;mulligan/real-routing-d2-c05-dagger-baseline,mulligan/real-routing-d2-c00-teleop-validation
mulligan/real-routing-d2-velocity-r05-mulligan-dp,,567aa6a039b70851f01fa4a79ada12f2caa09463,release-1,real,real-routing-d2,velocity-r05,dp-actor,mulligan-dp,,,100000,exact,,mulligan/real-routing-d2-c00-teleop-sobol;mulligan/real-routing-d2-c01-dagger-mulligan;mulligan/real-routing-d2-c02-dagger-mulligan;mulligan/real-routing-d2-c03-dagger-mulligan;mulligan/real-routing-d2-c04-dagger-mulligan;mulligan/real-routing-d2-c05-dagger-mulligan,mulligan/real-routing-d2-c00-teleop-validation
mulligan/real-routing-d2-velocity-r05-mulligan-idql-critic,,d1f0409c93bb6dbbc61551ecc89fada3164b6782,release-1,real,real-routing-d2,velocity-r05,idql-critic,mulligan-idql,,,150000,approximate,,mulligan/real-routing-d2-c01-dagger-mulligan;mulligan/real-routing-d2-c02-dagger-mulligan;mulligan/real-routing-d2-c03-dagger-mulligan;mulligan/real-routing-d2-c04-dagger-mulligan;mulligan/real-routing-d2-c05-dagger-mulligan;mulligan/real-routing-d2-velocity-r00-eval-b01-sobol-dp-policy-rollouts;mulligan/real-routing-d2-velocity-r01-eval-b01-mulligan-dp-policy-rollouts;mulligan/real-routing-d2-velocity-r02-eval-b01-mulligan-dp-policy-rollouts;mulligan/real-routing-d2-velocity-r03-eval-b01-mulligan-dp-policy-rollouts;mulligan/real-routing-d2-velocity-r04-eval-b01-mulligan-dp-policy-rollouts;mulligan/real-routing-d2-velocity-r04-eval-b01-mulligan-idql-policy-rollouts,mulligan/real-routing-d2-velocity-r00-eval-b01-baseline-dp-policy-rollouts;mulligan/real-routing-d2-velocity-r01-eval-b01-baseline-dp-policy-rollouts;mulligan/real-routing-d2-velocity-r02-eval-b01-baseline-dp-policy-rollouts;mulligan/real-routing-d2-velocity-r03-eval-b01-baseline-dp-policy-rollouts;mulligan/real-routing-d2-velocity-r04-eval-b01-baseline-dp-policy-rollouts
mulligan/real-routing-d2-velocity-r06-baseline-dp,,ccaf4140afc67a45ff78053047dbe15e72eeb3c7,release-1,real,real-routing-d2,velocity-r06,dp-actor,baseline-dp,,,100000,exact,,mulligan/real-routing-d2-c00-teleop-baseline;mulligan/real-routing-d2-c01-dagger-baseline;mulligan/real-routing-d2-c02-dagger-baseline;mulligan/real-routing-d2-c03-dagger-baseline;mulligan/real-routing-d2-c04-dagger-baseline;mulligan/real-routing-d2-c05-dagger-baseline;mulligan/real-routing-d2-c06-dagger-baseline,mulligan/real-routing-d2-c00-teleop-validation
mulligan/real-routing-d2-velocity-r06-mulligan-dp,,bde725bc5d8f33cdd05a4e0a9aa3f78a2089bb96,release-1,real,real-routing-d2,velocity-r06,dp-actor,mulligan-dp,,,100000,exact,,mulligan/real-routing-d2-c00-teleop-sobol;mulligan/real-routing-d2-c01-dagger-mulligan;mulligan/real-routing-d2-c02-dagger-mulligan;mulligan/real-routing-d2-c03-dagger-mulligan;mulligan/real-routing-d2-c04-dagger-mulligan;mulligan/real-routing-d2-c05-dagger-mulligan;mulligan/real-routing-d2-c06-dagger-mulligan,mulligan/real-routing-d2-c00-teleop-validation
mulligan/real-routing-d2-velocity-r06-mulligan-idql-critic,,9f293e060f9c5705c2bd3050fbb018a865ad79bc,release-1,real,real-routing-d2,velocity-r06,idql-critic,mulligan-idql,,,190000,exact,mulligan/real-routing-d2-velocity-r06-mulligan-dp,mulligan/real-routing-d2-c01-dagger-mulligan;mulligan/real-routing-d2-c02-dagger-mulligan;mulligan/real-routing-d2-c03-dagger-mulligan;mulligan/real-routing-d2-c04-dagger-mulligan;mulligan/real-routing-d2-c05-dagger-mulligan;mulligan/real-routing-d2-c06-dagger-mulligan;mulligan/real-routing-d2-velocity-r00-eval-b01-sobol-dp-policy-rollouts;mulligan/real-routing-d2-velocity-r01-eval-b01-mulligan-dp-policy-rollouts;mulligan/real-routing-d2-velocity-r02-eval-b01-mulligan-dp-policy-rollouts;mulligan/real-routing-d2-velocity-r03-eval-b01-mulligan-dp-policy-rollouts;mulligan/real-routing-d2-velocity-r04-eval-b01-mulligan-dp-policy-rollouts;mulligan/real-routing-d2-velocity-r04-eval-b01-mulligan-idql-policy-rollouts;mulligan/real-routing-d2-velocity-r05-eval-b01-mulligan-dp-policy-rollouts;mulligan/real-routing-d2-velocity-r05-eval-b01-mulligan-idql-policy-rollouts,mulligan/real-routing-d2-velocity-r00-eval-b01-baseline-dp-policy-rollouts;mulligan/real-routing-d2-velocity-r01-eval-b01-baseline-dp-policy-rollouts;mulligan/real-routing-d2-velocity-r02-eval-b01-baseline-dp-policy-rollouts;mulligan/real-routing-d2-velocity-r03-eval-b01-baseline-dp-policy-rollouts;mulligan/real-routing-d2-velocity-r04-eval-b01-baseline-dp-policy-rollouts;mulligan/real-routing-d2-velocity-r05-eval-b01-baseline-dp-policy-rollouts
mulligan/real-routing-d2-velocity-r07-baseline-dp,,af391b1a1d950ee85e7d153b35c1aa097318afc8,release-1,real,real-routing-d2,velocity-r07,dp-actor,baseline-dp,,,100000,exact,,mulligan/real-routing-d2-c00-teleop-baseline;mulligan/real-routing-d2-c01-dagger-baseline;mulligan/real-routing-d2-c02-dagger-baseline;mulligan/real-routing-d2-c03-dagger-baseline;mulligan/real-routing-d2-c04-dagger-baseline;mulligan/real-routing-d2-c05-dagger-baseline;mulligan/real-routing-d2-c06-dagger-baseline;mulligan/real-routing-d2-c07-dagger-baseline,mulligan/real-routing-d2-c00-teleop-validation
mulligan/real-routing-d2-velocity-r07-mulligan-dp,,1493187cab70d83942a1aca9b056f6028c91fbbf,release-1,real,real-routing-d2,velocity-r07,dp-actor,mulligan-dp,,,100000,exact,,mulligan/real-routing-d2-c00-teleop-sobol;mulligan/real-routing-d2-c01-dagger-mulligan;mulligan/real-routing-d2-c02-dagger-mulligan;mulligan/real-routing-d2-c03-dagger-mulligan;mulligan/real-routing-d2-c04-dagger-mulligan;mulligan/real-routing-d2-c05-dagger-mulligan;mulligan/real-routing-d2-c06-dagger-mulligan;mulligan/real-routing-d2-c07-dagger-mulligan,mulligan/real-routing-d2-c00-teleop-validation
mulligan/real-routing-d2-velocity-r07-mulligan-idql-critic,,65b5fd86e33b84d12309c4db55daf08d2d8bffcc,release-1,real,real-routing-d2,velocity-r07,idql-critic,mulligan-idql,,,230000,exact,mulligan/real-routing-d2-velocity-r07-mulligan-dp,mulligan/real-routing-d2-c01-dagger-mulligan;mulligan/real-routing-d2-c02-dagger-mulligan;mulligan/real-routing-d2-c03-dagger-mulligan;mulligan/real-routing-d2-c04-dagger-mulligan;mulligan/real-routing-d2-c05-dagger-mulligan;mulligan/real-routing-d2-c06-dagger-mulligan;mulligan/real-routing-d2-c07-dagger-mulligan;mulligan/real-routing-d2-velocity-r00-eval-b01-sobol-dp-policy-rollouts;mulligan/real-routing-d2-velocity-r01-eval-b01-mulligan-dp-policy-rollouts;mulligan/real-routing-d2-velocity-r02-eval-b01-mulligan-dp-policy-rollouts;mulligan/real-routing-d2-velocity-r03-eval-b01-mulligan-dp-policy-rollouts;mulligan/real-routing-d2-velocity-r04-eval-b01-mulligan-dp-policy-rollouts;mulligan/real-routing-d2-velocity-r04-eval-b01-mulligan-idql-policy-rollouts;mulligan/real-routing-d2-velocity-r05-eval-b01-mulligan-dp-policy-rollouts;mulligan/real-routing-d2-velocity-r05-eval-b01-mulligan-idql-policy-rollouts;mulligan/real-routing-d2-velocity-r06-eval-b01-mulligan-dp-policy-rollouts;mulligan/real-routing-d2-velocity-r06-eval-b01-mulligan-idql-policy-rollouts,mulligan/real-routing-d2-velocity-r00-eval-b01-baseline-dp-policy-rollouts;mulligan/real-routing-d2-velocity-r01-eval-b01-baseline-dp-policy-rollouts;mulligan/real-routing-d2-velocity-r02-eval-b01-baseline-dp-policy-rollouts;mulligan/real-routing-d2-velocity-r03-eval-b01-baseline-dp-policy-rollouts;mulligan/real-routing-d2-velocity-r04-eval-b01-baseline-dp-policy-rollouts;mulligan/real-routing-d2-velocity-r05-eval-b01-baseline-dp-policy-rollouts;mulligan/real-routing-d2-velocity-r06-eval-b01-baseline-dp-policy-rollouts
mulligan/real-square-d2-r00-baseline-dp,,e1b018f6e4b51da2cf2592ef634e44b5fe474399,release-1,real,real-square-d2,r00,dp-actor,baseline-dp,,,75000,exact,,mulligan/real-square-d2-c00-teleop-baseline,mulligan/real-square-d2-c00-teleop-validation
mulligan/real-square-d2-r00-sobol-dp,,76191643e3fdc608c3db6115cc917d0761c3a3a8,release-1,real,real-square-d2,r00,dp-actor,sobol-dp,,,75000,exact,,mulligan/real-square-d2-c00-teleop-sobol,mulligan/real-square-d2-c00-teleop-validation
mulligan/real-square-d2-r01-baseline-dp,,6fadc6210255a8eeee12dcee891a554eed85f734,release-1,real,real-square-d2,r01,dp-actor,baseline-dp,,,100000,exact,,mulligan/real-square-d2-c00-teleop-baseline;mulligan/real-square-d2-c01-dagger-baseline,mulligan/real-square-d2-c00-teleop-validation
mulligan/real-square-d2-r01-mulligan-dp,,d76638fcdc601d4240f0b3e72fcba178d61af123,release-1,real,real-square-d2,r01,dp-actor,mulligan-dp,,,100000,exact,,mulligan/real-square-d2-c00-teleop-sobol;mulligan/real-square-d2-c01-dagger-mulligan,mulligan/real-square-d2-c00-teleop-validation
mulligan/real-square-d2-r01-mulligan-no-cf-dp,,f88d73226dbd50f549f611972c3619c8fe117d03,release-1,real,real-square-d2,r01,dp-actor,mulligan-no-cf-dp,,,100000,exact,,mulligan/real-square-d2-c00-teleop-sobol;mulligan/real-square-d2-c01-dagger-mulligan-no-cf,mulligan/real-square-d2-c00-teleop-validation
mulligan/real-square-d2-r02-baseline-dp,,d0f7d89dafd57fcac18467ee8921c392ad7e30f0,release-1,real,real-square-d2,r02,dp-actor,baseline-dp,,,100000,exact,,mulligan/real-square-d2-c00-teleop-baseline;mulligan/real-square-d2-c01-dagger-baseline;mulligan/real-square-d2-c02-dagger-baseline,mulligan/real-square-d2-c00-teleop-validation
mulligan/real-square-d2-r02-mulligan-dp,,1361ea35adc586e1cca5b39aa85be53aeb9d488e,release-1,real,real-square-d2,r02,dp-actor,mulligan-dp,,,100000,exact,,mulligan/real-square-d2-c00-teleop-sobol;mulligan/real-square-d2-c01-dagger-mulligan;mulligan/real-square-d2-c02-dagger-mulligan,mulligan/real-square-d2-c00-teleop-validation
mulligan/real-square-d2-r02-mulligan-no-cf-dp,,0b5bbaa1f71e96656c6a05d3652f070902aeef1c,release-1,real,real-square-d2,r02,dp-actor,mulligan-no-cf-dp,,,100000,exact,,mulligan/real-square-d2-c00-teleop-sobol;mulligan/real-square-d2-c01-dagger-mulligan;mulligan/real-square-d2-c02-dagger-mulligan-no-cf,mulligan/real-square-d2-c00-teleop-validation
mulligan/real-square-d2-r03-baseline-dp,,f5eca435adf454c4bd7a05f616614416633c6041,release-1,real,real-square-d2,r03,dp-actor,baseline-dp,,,100000,exact,,mulligan/real-square-d2-c00-teleop-baseline;mulligan/real-square-d2-c01-dagger-baseline;mulligan/real-square-d2-c02-dagger-baseline;mulligan/real-square-d2-c03-dagger-baseline,mulligan/real-square-d2-c00-teleop-validation
mulligan/real-square-d2-r03-mulligan-dp,,6ec0f2e22ce9835a3bac1ea5f485b1ed26c554da,release-1,real,real-square-d2,r03,dp-actor,mulligan-dp,,,100000,exact,,mulligan/real-square-d2-c00-teleop-sobol;mulligan/real-square-d2-c01-dagger-mulligan;mulligan/real-square-d2-c02-dagger-mulligan;mulligan/real-square-d2-c03-dagger-mulligan,mulligan/real-square-d2-c00-teleop-validation
mulligan/real-square-d2-r03-mulligan-idql-critic,,dc23282695646c2ede27d7d0a63b94da6bf6b0de,release-1,real,real-square-d2,r03,idql-critic,mulligan-idql,,,150000,exact,mulligan/real-square-d2-r03-mulligan-dp,mulligan/real-square-d2-c00-teleop-sobol;mulligan/real-square-d2-c01-dagger-mulligan;mulligan/real-square-d2-c02-dagger-mulligan;mulligan/real-square-d2-c03-dagger-mulligan;mulligan/real-square-d2-r01-eval-b01-mulligan-dp-policy-rollouts;mulligan/real-square-d2-r02-eval-b01-mulligan-dp-policy-rollouts;mulligan/real-square-d2-r03-eval-b01-mulligan-dp-policy-rollouts,mulligan/real-square-d2-c00-teleop-validation;mulligan/real-square-d2-r01-eval-b01-baseline-dp-policy-rollouts;mulligan/real-square-d2-r03-eval-b01-baseline-dp-policy-rollouts
mulligan/real-square-d2-r03-mulligan-no-cf-dp,,b2ebe205d4df28c7713a873df3765af7e725e1ae,release-1,real,real-square-d2,r03,dp-actor,mulligan-no-cf-dp,,,100000,exact,,mulligan/real-square-d2-c00-teleop-sobol;mulligan/real-square-d2-c01-dagger-mulligan;mulligan/real-square-d2-c02-dagger-mulligan;mulligan/real-square-d2-c03-dagger-mulligan-no-cf,mulligan/real-square-d2-c00-teleop-validation
mulligan/real-square-d2-r04-baseline-dp,,35fcb31eef4ecf573b69a1435b458e009708ef38,release-1,real,real-square-d2,r04,dp-actor,baseline-dp,,,100000,exact,,mulligan/real-square-d2-c00-teleop-baseline;mulligan/real-square-d2-c01-dagger-baseline;mulligan/real-square-d2-c02-dagger-baseline;mulligan/real-square-d2-c03-dagger-baseline;mulligan/real-square-d2-c04-dagger-baseline,mulligan/real-square-d2-c00-teleop-validation
mulligan/real-square-d2-r04-mulligan-dp,,8b905b3c57419cec77a51348e5647112d5d30a35,release-1,real,real-square-d2,r04,dp-actor,mulligan-dp,,,100000,exact,,mulligan/real-square-d2-c00-teleop-sobol;mulligan/real-square-d2-c01-dagger-mulligan;mulligan/real-square-d2-c02-dagger-mulligan;mulligan/real-square-d2-c03-dagger-mulligan;mulligan/real-square-d2-c04-dagger-mulligan,mulligan/real-square-d2-c00-teleop-validation
mulligan/real-square-d2-r04-mulligan-idql-critic,,29632d4a1632c4a30dbd12923887d8a92b9bd4cb,release-1,real,real-square-d2,r04,idql-critic,mulligan-idql,,,150000,exact,mulligan/real-square-d2-r04-mulligan-dp,mulligan/real-square-d2-c00-teleop-sobol;mulligan/real-square-d2-c01-dagger-mulligan;mulligan/real-square-d2-c02-dagger-mulligan;mulligan/real-square-d2-c03-dagger-mulligan;mulligan/real-square-d2-c04-dagger-mulligan;mulligan/real-square-d2-r01-eval-b01-mulligan-dp-policy-rollouts;mulligan/real-square-d2-r02-eval-b01-mulligan-dp-policy-rollouts;mulligan/real-square-d2-r03-eval-b01-mulligan-dp-policy-rollouts;mulligan/real-square-d2-r03-eval-b02-mulligan-dp-policy-rollouts;mulligan/real-square-d2-r03-eval-b02-mulligan-idql-policy-rollouts;mulligan/real-square-d2-r03-eval-b03-mulligan-dp-policy-rollouts;mulligan/real-square-d2-r03-eval-b03-mulligan-idql-policy-rollouts,mulligan/real-square-d2-c00-teleop-validation;mulligan/real-square-d2-r01-eval-b01-baseline-dp-policy-rollouts;mulligan/real-square-d2-r03-eval-b01-baseline-dp-policy-rollouts
mulligan/real-square-d2-r04-mulligan-no-cf-dp,,0d9423bf9fad8d9caa062d8b26e7845a2583a140,release-1,real,real-square-d2,r04,dp-actor,mulligan-no-cf-dp,,,100000,exact,,mulligan/real-square-d2-c00-teleop-sobol;mulligan/real-square-d2-c01-dagger-mulligan;mulligan/real-square-d2-c02-dagger-mulligan;mulligan/real-square-d2-c03-dagger-mulligan;mulligan/real-square-d2-c04-dagger-mulligan-no-cf,mulligan/real-square-d2-c00-teleop-validation
mulligan/real-square-d2-r05-baseline-dp,,1ba724715a56f33ce1860189220dab9b09409a66,release-1,real,real-square-d2,r05,dp-actor,baseline-dp,,,100000,exact,,mulligan/real-square-d2-c00-teleop-baseline;mulligan/real-square-d2-c01-dagger-baseline;mulligan/real-square-d2-c02-dagger-baseline;mulligan/real-square-d2-c03-dagger-baseline;mulligan/real-square-d2-c04-dagger-baseline;mulligan/real-square-d2-c05-dagger-baseline,mulligan/real-square-d2-c00-teleop-validation
mulligan/real-square-d2-r05-mulligan-dp,,a00c68f6096a66a3deda038709493148b3168047,release-1,real,real-square-d2,r05,dp-actor,mulligan-dp,,,100000,exact,,mulligan/real-square-d2-c00-teleop-sobol;mulligan/real-square-d2-c01-dagger-mulligan;mulligan/real-square-d2-c02-dagger-mulligan;mulligan/real-square-d2-c03-dagger-mulligan;mulligan/real-square-d2-c04-dagger-mulligan;mulligan/real-square-d2-c05-dagger-mulligan,mulligan/real-square-d2-c00-teleop-validation
mulligan/real-square-d2-r05-mulligan-idql-critic,,6bd207ef8ffab15cac402f76c8d84aa63ec880b3,release-1,real,real-square-d2,r05,idql-critic,mulligan-idql,,,200000,exact,mulligan/real-square-d2-r05-mulligan-dp,mulligan/real-square-d2-c00-teleop-sobol;mulligan/real-square-d2-c01-dagger-mulligan;mulligan/real-square-d2-c02-dagger-mulligan;mulligan/real-square-d2-c03-dagger-mulligan;mulligan/real-square-d2-c04-dagger-mulligan;mulligan/real-square-d2-c05-dagger-mulligan;mulligan/real-square-d2-r01-eval-b01-mulligan-dp-policy-rollouts;mulligan/real-square-d2-r02-eval-b01-mulligan-dp-policy-rollouts;mulligan/real-square-d2-r03-eval-b01-mulligan-dp-policy-rollouts;mulligan/real-square-d2-r03-eval-b02-mulligan-dp-policy-rollouts;mulligan/real-square-d2-r03-eval-b02-mulligan-idql-policy-rollouts;mulligan/real-square-d2-r03-eval-b03-mulligan-dp-policy-rollouts;mulligan/real-square-d2-r03-eval-b03-mulligan-idql-policy-rollouts;mulligan/real-square-d2-r04-eval-b01-mulligan-dp-policy-rollouts;mulligan/real-square-d2-r04-eval-b01-mulligan-idql-policy-rollouts;mulligan/real-square-d2-r05-eval-b02-mulligan-dp-policy-rollouts;mulligan/real-square-d2-r05-eval-b02-mulligan-idql-policy-rollouts,mulligan/real-square-d2-c00-teleop-validation;mulligan/real-square-d2-r01-eval-b01-baseline-dp-policy-rollouts;mulligan/real-square-d2-r03-eval-b01-baseline-dp-policy-rollouts
mulligan/real-square-d2-r05-mulligan-idql-critic-screen-b02,,d7c6291adbe8411f2d2104b4a8c297be3cd4513b,release-1,real,real-square-d2,r05,idql-critic,mulligan-idql,,,150000,exact,mulligan/real-square-d2-r05-mulligan-dp,mulligan/real-square-d2-c00-teleop-sobol;mulligan/real-square-d2-c01-dagger-mulligan;mulligan/real-square-d2-c02-dagger-mulligan;mulligan/real-square-d2-c03-dagger-mulligan;mulligan/real-square-d2-c04-dagger-mulligan;mulligan/real-square-d2-c05-dagger-mulligan;mulligan/real-square-d2-r01-eval-b01-mulligan-dp-policy-rollouts;mulligan/real-square-d2-r02-eval-b01-mulligan-dp-policy-rollouts;mulligan/real-square-d2-r03-eval-b01-mulligan-dp-policy-rollouts;mulligan/real-square-d2-r03-eval-b02-mulligan-dp-policy-rollouts;mulligan/real-square-d2-r03-eval-b02-mulligan-idql-policy-rollouts;mulligan/real-square-d2-r03-eval-b03-mulligan-dp-policy-rollouts;mulligan/real-square-d2-r03-eval-b03-mulligan-idql-policy-rollouts;mulligan/real-square-d2-r04-eval-b01-mulligan-dp-policy-rollouts;mulligan/real-square-d2-r04-eval-b01-mulligan-idql-policy-rollouts,mulligan/real-square-d2-c00-teleop-validation;mulligan/real-square-d2-r01-eval-b01-baseline-dp-policy-rollouts;mulligan/real-square-d2-r03-eval-b01-baseline-dp-policy-rollouts
mulligan/real-square-d2-r05-mulligan-idql-critic-screen-b03,,41a85cd28828b28ef85ece8e7bb1be73178ecfb7,release-1,real,real-square-d2,r05,idql-critic,mulligan-idql,,,200000,exact,mulligan/real-square-d2-r05-mulligan-dp,mulligan/real-square-d2-c00-teleop-sobol;mulligan/real-square-d2-c01-dagger-mulligan;mulligan/real-square-d2-c02-dagger-mulligan;mulligan/real-square-d2-c03-dagger-mulligan;mulligan/real-square-d2-c04-dagger-mulligan;mulligan/real-square-d2-c05-dagger-mulligan;mulligan/real-square-d2-r01-eval-b01-mulligan-dp-policy-rollouts;mulligan/real-square-d2-r02-eval-b01-mulligan-dp-policy-rollouts;mulligan/real-square-d2-r03-eval-b01-mulligan-dp-policy-rollouts;mulligan/real-square-d2-r03-eval-b02-mulligan-dp-policy-rollouts;mulligan/real-square-d2-r03-eval-b02-mulligan-idql-policy-rollouts;mulligan/real-square-d2-r03-eval-b03-mulligan-dp-policy-rollouts;mulligan/real-square-d2-r03-eval-b03-mulligan-idql-policy-rollouts;mulligan/real-square-d2-r04-eval-b01-mulligan-dp-policy-rollouts;mulligan/real-square-d2-r04-eval-b01-mulligan-idql-policy-rollouts,mulligan/real-square-d2-c00-teleop-validation;mulligan/real-square-d2-r01-eval-b01-baseline-dp-policy-rollouts;mulligan/real-square-d2-r03-eval-b01-baseline-dp-policy-rollouts
mulligan/sim-square-broad-r00-baseline-divl,seed-1,fd60980f8dcb158fc0807a208f6119610174d74a,release-1,sim,sim-square-broad,r00,divl-agent,baseline,1,square_broad_r0_baseline_uniform,250001,,,mulligan/sim-square-broad-c00-teleop-baseline,
mulligan/sim-square-broad-r00-baseline-divl,seed-2,fd60980f8dcb158fc0807a208f6119610174d74a,release-1,sim,sim-square-broad,r00,divl-agent,baseline,2,square_broad_r0_baseline_uniform,250001,,,mulligan/sim-square-broad-c00-teleop-baseline,
mulligan/sim-square-broad-r00-baseline-divl,seed-3,fd60980f8dcb158fc0807a208f6119610174d74a,release-1,sim,sim-square-broad,r00,divl-agent,baseline,3,square_broad_r0_baseline_uniform,250001,,,mulligan/sim-square-broad-c00-teleop-baseline,
mulligan/sim-square-broad-r00-baseline-divl,seed-4,fd60980f8dcb158fc0807a208f6119610174d74a,release-1,sim,sim-square-broad,r00,divl-agent,baseline,4,square_broad_r0_baseline_uniform,250001,,,mulligan/sim-square-broad-c00-teleop-baseline,
mulligan/sim-square-broad-r00-baseline-divl,seed-5,fd60980f8dcb158fc0807a208f6119610174d74a,release-1,sim,sim-square-broad,r00,divl-agent,baseline,5,square_broad_r0_baseline_uniform,250001,,,mulligan/sim-square-broad-c00-teleop-baseline,
mulligan/sim-square-broad-r00-baseline-first100-divl,seed-1,eb1b80ad667a5ae0cfb4f073257c04095ed74e83,release-1,sim,sim-square-broad,r00,divl-agent,baseline-first100,1,square_broad_r0_first100_baseline_uniform,250001,,,mulligan/sim-square-broad-c00-teleop-baseline-first100,
mulligan/sim-square-broad-r00-baseline-first100-divl,seed-2,eb1b80ad667a5ae0cfb4f073257c04095ed74e83,release-1,sim,sim-square-broad,r00,divl-agent,baseline-first100,2,square_broad_r0_first100_baseline_uniform,250001,,,mulligan/sim-square-broad-c00-teleop-baseline-first100,
mulligan/sim-square-broad-r00-baseline-first100-divl,seed-3,eb1b80ad667a5ae0cfb4f073257c04095ed74e83,release-1,sim,sim-square-broad,r00,divl-agent,baseline-first100,3,square_broad_r0_first100_baseline_uniform,250001,,,mulligan/sim-square-broad-c00-teleop-baseline-first100,
mulligan/sim-square-broad-r00-baseline-first100-divl,seed-4,eb1b80ad667a5ae0cfb4f073257c04095ed74e83,release-1,sim,sim-square-broad,r00,divl-agent,baseline-first100,4,square_broad_r0_first100_baseline_uniform,250001,,,mulligan/sim-square-broad-c00-teleop-baseline-first100,
mulligan/sim-square-broad-r00-baseline-first100-divl,seed-5,eb1b80ad667a5ae0cfb4f073257c04095ed74e83,release-1,sim,sim-square-broad,r00,divl-agent,baseline-first100,5,square_broad_r0_first100_baseline_uniform,250001,,,mulligan/sim-square-broad-c00-teleop-baseline-first100,
mulligan/sim-square-broad-r00-baseline-first100-idql,seed-1,17e96965d073cd9f623fa4c9750ebd919f343628,release-1,sim,sim-square-broad,r00,idql-agent,baseline-first100,1,square_broad_r0_first100_baseline_uniform,250001,,,mulligan/sim-square-broad-c00-teleop-baseline-first100,
mulligan/sim-square-broad-r00-baseline-first100-idql,seed-2,17e96965d073cd9f623fa4c9750ebd919f343628,release-1,sim,sim-square-broad,r00,idql-agent,baseline-first100,2,square_broad_r0_first100_baseline_uniform,250001,,,mulligan/sim-square-broad-c00-teleop-baseline-first100,
mulligan/sim-square-broad-r00-baseline-first100-idql,seed-3,17e96965d073cd9f623fa4c9750ebd919f343628,release-1,sim,sim-square-broad,r00,idql-agent,baseline-first100,3,square_broad_r0_first100_baseline_uniform,250001,,,mulligan/sim-square-broad-c00-teleop-baseline-first100,
mulligan/sim-square-broad-r00-baseline-first100-idql,seed-4,17e96965d073cd9f623fa4c9750ebd919f343628,release-1,sim,sim-square-broad,r00,idql-agent,baseline-first100,4,square_broad_r0_first100_baseline_uniform,250001,,,mulligan/sim-square-broad-c00-teleop-baseline-first100,
mulligan/sim-square-broad-r00-baseline-first100-idql,seed-5,17e96965d073cd9f623fa4c9750ebd919f343628,release-1,sim,sim-square-broad,r00,idql-agent,baseline-first100,5,square_broad_r0_first100_baseline_uniform,250001,,,mulligan/sim-square-broad-c00-teleop-baseline-first100,
mulligan/sim-square-broad-r00-baseline-idql,seed-1,7412e69eb71dede421e639bbcd6fa93a4bee0e7a,release-1,sim,sim-square-broad,r00,idql-agent,baseline,1,square_broad_r0_baseline_uniform,250001,,,mulligan/sim-square-broad-c00-teleop-baseline,
mulligan/sim-square-broad-r00-baseline-idql,seed-2,7412e69eb71dede421e639bbcd6fa93a4bee0e7a,release-1,sim,sim-square-broad,r00,idql-agent,baseline,2,square_broad_r0_baseline_uniform,250001,,,mulligan/sim-square-broad-c00-teleop-baseline,
mulligan/sim-square-broad-r00-baseline-idql,seed-3,7412e69eb71dede421e639bbcd6fa93a4bee0e7a,release-1,sim,sim-square-broad,r00,idql-agent,baseline,3,square_broad_r0_baseline_uniform,250001,,,mulligan/sim-square-broad-c00-teleop-baseline,
mulligan/sim-square-broad-r00-baseline-idql,seed-4,7412e69eb71dede421e639bbcd6fa93a4bee0e7a,release-1,sim,sim-square-broad,r00,idql-agent,baseline,4,square_broad_r0_baseline_uniform,250001,,,mulligan/sim-square-broad-c00-teleop-baseline,
mulligan/sim-square-broad-r00-baseline-idql,seed-5,7412e69eb71dede421e639bbcd6fa93a4bee0e7a,release-1,sim,sim-square-broad,r00,idql-agent,baseline,5,square_broad_r0_baseline_uniform,250001,,,mulligan/sim-square-broad-c00-teleop-baseline,
mulligan/sim-square-broad-r00-sobol-divl,seed-1,66a2b6107f8a02d703fb3aff7f08a3fa3f660913,release-1,sim,sim-square-broad,r00,divl-agent,sobol,1,square_broad_r0_sobol,250001,,,mulligan/sim-square-broad-c00-teleop-sobol,
mulligan/sim-square-broad-r00-sobol-divl,seed-2,66a2b6107f8a02d703fb3aff7f08a3fa3f660913,release-1,sim,sim-square-broad,r00,divl-agent,sobol,2,square_broad_r0_sobol,250001,,,mulligan/sim-square-broad-c00-teleop-sobol,
mulligan/sim-square-broad-r00-sobol-divl,seed-3,66a2b6107f8a02d703fb3aff7f08a3fa3f660913,release-1,sim,sim-square-broad,r00,divl-agent,sobol,3,square_broad_r0_sobol,250001,,,mulligan/sim-square-broad-c00-teleop-sobol,
mulligan/sim-square-broad-r00-sobol-divl,seed-4,66a2b6107f8a02d703fb3aff7f08a3fa3f660913,release-1,sim,sim-square-broad,r00,divl-agent,sobol,4,square_broad_r0_sobol,250001,,,mulligan/sim-square-broad-c00-teleop-sobol,
mulligan/sim-square-broad-r00-sobol-divl,seed-5,66a2b6107f8a02d703fb3aff7f08a3fa3f660913,release-1,sim,sim-square-broad,r00,divl-agent,sobol,5,square_broad_r0_sobol,250001,,,mulligan/sim-square-broad-c00-teleop-sobol,
mulligan/sim-square-broad-r00-sobol-first100-divl,seed-1,b96e47dc02b6a0787b1930bd4ac12e22d3defaf4,release-1,sim,sim-square-broad,r00,divl-agent,sobol-first100,1,square_broad_r0_first100_sobol,250001,,,mulligan/sim-square-broad-c00-teleop-sobol-first100,
mulligan/sim-square-broad-r00-sobol-first100-divl,seed-2,b96e47dc02b6a0787b1930bd4ac12e22d3defaf4,release-1,sim,sim-square-broad,r00,divl-agent,sobol-first100,2,square_broad_r0_first100_sobol,250001,,,mulligan/sim-square-broad-c00-teleop-sobol-first100,
mulligan/sim-square-broad-r00-sobol-first100-divl,seed-3,b96e47dc02b6a0787b1930bd4ac12e22d3defaf4,release-1,sim,sim-square-broad,r00,divl-agent,sobol-first100,3,square_broad_r0_first100_sobol,250001,,,mulligan/sim-square-broad-c00-teleop-sobol-first100,
mulligan/sim-square-broad-r00-sobol-first100-divl,seed-4,b96e47dc02b6a0787b1930bd4ac12e22d3defaf4,release-1,sim,sim-square-broad,r00,divl-agent,sobol-first100,4,square_broad_r0_first100_sobol,250001,,,mulligan/sim-square-broad-c00-teleop-sobol-first100,
mulligan/sim-square-broad-r00-sobol-first100-divl,seed-5,b96e47dc02b6a0787b1930bd4ac12e22d3defaf4,release-1,sim,sim-square-broad,r00,divl-agent,sobol-first100,5,square_broad_r0_first100_sobol,250001,,,mulligan/sim-square-broad-c00-teleop-sobol-first100,
mulligan/sim-square-broad-r00-sobol-first100-idql,seed-1,10715dd623343ab8fd181ac58067cce5688a4ec7,release-1,sim,sim-square-broad,r00,idql-agent,sobol-first100,1,square_broad_r0_first100_sobol,250001,,,mulligan/sim-square-broad-c00-teleop-sobol-first100,
mulligan/sim-square-broad-r00-sobol-first100-idql,seed-2,10715dd623343ab8fd181ac58067cce5688a4ec7,release-1,sim,sim-square-broad,r00,idql-agent,sobol-first100,2,square_broad_r0_first100_sobol,250001,,,mulligan/sim-square-broad-c00-teleop-sobol-first100,
mulligan/sim-square-broad-r00-sobol-first100-idql,seed-3,10715dd623343ab8fd181ac58067cce5688a4ec7,release-1,sim,sim-square-broad,r00,idql-agent,sobol-first100,3,square_broad_r0_first100_sobol,250001,,,mulligan/sim-square-broad-c00-teleop-sobol-first100,
mulligan/sim-square-broad-r00-sobol-first100-idql,seed-4,10715dd623343ab8fd181ac58067cce5688a4ec7,release-1,sim,sim-square-broad,r00,idql-agent,sobol-first100,4,square_broad_r0_first100_sobol,250001,,,mulligan/sim-square-broad-c00-teleop-sobol-first100,
mulligan/sim-square-broad-r00-sobol-first100-idql,seed-5,10715dd623343ab8fd181ac58067cce5688a4ec7,release-1,sim,sim-square-broad,r00,idql-agent,sobol-first100,5,square_broad_r0_first100_sobol,250001,,,mulligan/sim-square-broad-c00-teleop-sobol-first100,
mulligan/sim-square-broad-r00-sobol-idql,seed-1,682ba027ff41abec09d668b2e933a5bad501ce30,release-1,sim,sim-square-broad,r00,idql-agent,sobol,1,square_broad_r0_sobol,250001,,,mulligan/sim-square-broad-c00-teleop-sobol,
mulligan/sim-square-broad-r00-sobol-idql,seed-2,682ba027ff41abec09d668b2e933a5bad501ce30,release-1,sim,sim-square-broad,r00,idql-agent,sobol,2,square_broad_r0_sobol,250001,,,mulligan/sim-square-broad-c00-teleop-sobol,
mulligan/sim-square-broad-r00-sobol-idql,seed-3,682ba027ff41abec09d668b2e933a5bad501ce30,release-1,sim,sim-square-broad,r00,idql-agent,sobol,3,square_broad_r0_sobol,250001,,,mulligan/sim-square-broad-c00-teleop-sobol,
mulligan/sim-square-broad-r00-sobol-idql,seed-4,682ba027ff41abec09d668b2e933a5bad501ce30,release-1,sim,sim-square-broad,r00,idql-agent,sobol,4,square_broad_r0_sobol,250001,,,mulligan/sim-square-broad-c00-teleop-sobol,
mulligan/sim-square-broad-r00-sobol-idql,seed-5,682ba027ff41abec09d668b2e933a5bad501ce30,release-1,sim,sim-square-broad,r00,idql-agent,sobol,5,square_broad_r0_sobol,250001,,,mulligan/sim-square-broad-c00-teleop-sobol,
mulligan/sim-square-broad-r01-auto-filtered-bc-n1-idql,seed-1,8ada6b43e8e5703738328212c08e43f130bc6a4a,release-1,sim,sim-square-broad,r01,idql-agent,auto-filtered-bc-n1,1,,250001,,,mulligan/sim-square-broad-c00-teleop-baseline;mulligan/sim-square-broad-c01-auto-bc-n1-shared-policy-rollouts,
mulligan/sim-square-broad-r01-auto-filtered-bc-n1-idql,seed-2,8ada6b43e8e5703738328212c08e43f130bc6a4a,release-1,sim,sim-square-broad,r01,idql-agent,auto-filtered-bc-n1,2,,250001,,,mulligan/sim-square-broad-c00-teleop-baseline;mulligan/sim-square-broad-c01-auto-bc-n1-shared-policy-rollouts,
mulligan/sim-square-broad-r01-auto-filtered-bc-n1-idql,seed-3,8ada6b43e8e5703738328212c08e43f130bc6a4a,release-1,sim,sim-square-broad,r01,idql-agent,auto-filtered-bc-n1,3,,250001,,,mulligan/sim-square-broad-c00-teleop-baseline;mulligan/sim-square-broad-c01-auto-bc-n1-shared-policy-rollouts,
mulligan/sim-square-broad-r01-auto-filtered-bc-n1-idql,seed-4,8ada6b43e8e5703738328212c08e43f130bc6a4a,release-1,sim,sim-square-broad,r01,idql-agent,auto-filtered-bc-n1,4,,250001,,,mulligan/sim-square-broad-c00-teleop-baseline;mulligan/sim-square-broad-c01-auto-bc-n1-shared-policy-rollouts,
mulligan/sim-square-broad-r01-auto-filtered-bc-n1-idql,seed-5,8ada6b43e8e5703738328212c08e43f130bc6a4a,release-1,sim,sim-square-broad,r01,idql-agent,auto-filtered-bc-n1,5,,250001,,,mulligan/sim-square-broad-c00-teleop-baseline;mulligan/sim-square-broad-c01-auto-bc-n1-shared-policy-rollouts,
mulligan/sim-square-broad-r01-auto-iql-n32-divl,seed-1,76804a7336ac72a0230fd8ad5d9b7f0ba8cfd400,release-1,sim,sim-square-broad,r01,divl-agent,auto-iql-n32,1,square_broad_r1_auto_iql_n32,250001,,,mulligan/sim-square-broad-c00-teleop-baseline;mulligan/sim-square-broad-c01-auto-iql-n32-policy-rollouts,
mulligan/sim-square-broad-r01-auto-iql-n32-divl,seed-2,76804a7336ac72a0230fd8ad5d9b7f0ba8cfd400,release-1,sim,sim-square-broad,r01,divl-agent,auto-iql-n32,2,square_broad_r1_auto_iql_n32,250001,,,mulligan/sim-square-broad-c00-teleop-baseline;mulligan/sim-square-broad-c01-auto-iql-n32-policy-rollouts,
mulligan/sim-square-broad-r01-auto-iql-n32-divl,seed-3,76804a7336ac72a0230fd8ad5d9b7f0ba8cfd400,release-1,sim,sim-square-broad,r01,divl-agent,auto-iql-n32,3,square_broad_r1_auto_iql_n32,250001,,,mulligan/sim-square-broad-c00-teleop-baseline;mulligan/sim-square-broad-c01-auto-iql-n32-policy-rollouts,
mulligan/sim-square-broad-r01-auto-iql-n32-divl,seed-4,76804a7336ac72a0230fd8ad5d9b7f0ba8cfd400,release-1,sim,sim-square-broad,r01,divl-agent,auto-iql-n32,4,square_broad_r1_auto_iql_n32,250001,,,mulligan/sim-square-broad-c00-teleop-baseline;mulligan/sim-square-broad-c01-auto-iql-n32-policy-rollouts,
mulligan/sim-square-broad-r01-auto-iql-n32-divl,seed-5,76804a7336ac72a0230fd8ad5d9b7f0ba8cfd400,release-1,sim,sim-square-broad,r01,divl-agent,auto-iql-n32,5,square_broad_r1_auto_iql_n32,250001,,,mulligan/sim-square-broad-c00-teleop-baseline;mulligan/sim-square-broad-c01-auto-iql-n32-policy-rollouts,
mulligan/sim-square-broad-r01-auto-iql-n32-idql,seed-1,c9d5667a459288785d6ae67619bbe726b0d93cff,release-1,sim,sim-square-broad,r01,idql-agent,auto-iql-n32,1,square_broad_r1_auto_iql_n32,250001,,,mulligan/sim-square-broad-c00-teleop-baseline;mulligan/sim-square-broad-c01-auto-iql-n32-policy-rollouts,
mulligan/sim-square-broad-r01-auto-iql-n32-idql,seed-2,c9d5667a459288785d6ae67619bbe726b0d93cff,release-1,sim,sim-square-broad,r01,idql-agent,auto-iql-n32,2,square_broad_r1_auto_iql_n32,250001,,,mulligan/sim-square-broad-c00-teleop-baseline;mulligan/sim-square-broad-c01-auto-iql-n32-policy-rollouts,
mulligan/sim-square-broad-r01-auto-iql-n32-idql,seed-3,c9d5667a459288785d6ae67619bbe726b0d93cff,release-1,sim,sim-square-broad,r01,idql-agent,auto-iql-n32,3,square_broad_r1_auto_iql_n32,250001,,,mulligan/sim-square-broad-c00-teleop-baseline;mulligan/sim-square-broad-c01-auto-iql-n32-policy-rollouts,
mulligan/sim-square-broad-r01-auto-iql-n32-idql,seed-4,c9d5667a459288785d6ae67619bbe726b0d93cff,release-1,sim,sim-square-broad,r01,idql-agent,auto-iql-n32,4,square_broad_r1_auto_iql_n32,250001,,,mulligan/sim-square-broad-c00-teleop-baseline;mulligan/sim-square-broad-c01-auto-iql-n32-policy-rollouts,
mulligan/sim-square-broad-r01-auto-iql-n32-idql,seed-5,c9d5667a459288785d6ae67619bbe726b0d93cff,release-1,sim,sim-square-broad,r01,idql-agent,auto-iql-n32,5,square_broad_r1_auto_iql_n32,250001,,,mulligan/sim-square-broad-c00-teleop-baseline;mulligan/sim-square-broad-c01-auto-iql-n32-policy-rollouts,
mulligan/sim-square-broad-r01-auto-iql-success-bc-n32-divl,seed-1,d9490727a4b759c613f4a85e0083df2a5d89c7ad,release-1,sim,sim-square-broad,r01,divl-agent,auto-iql-success-bc-n32,1,square_broad_r1_auto_iql_success_bc_n32,250001,,,mulligan/sim-square-broad-c00-teleop-baseline;mulligan/sim-square-broad-c01-auto-iql-n32-policy-rollouts,
mulligan/sim-square-broad-r01-auto-iql-success-bc-n32-divl,seed-2,d9490727a4b759c613f4a85e0083df2a5d89c7ad,release-1,sim,sim-square-broad,r01,divl-agent,auto-iql-success-bc-n32,2,square_broad_r1_auto_iql_success_bc_n32,250001,,,mulligan/sim-square-broad-c00-teleop-baseline;mulligan/sim-square-broad-c01-auto-iql-n32-policy-rollouts,
mulligan/sim-square-broad-r01-auto-iql-success-bc-n32-divl,seed-3,d9490727a4b759c613f4a85e0083df2a5d89c7ad,release-1,sim,sim-square-broad,r01,divl-agent,auto-iql-success-bc-n32,3,square_broad_r1_auto_iql_success_bc_n32,250001,,,mulligan/sim-square-broad-c00-teleop-baseline;mulligan/sim-square-broad-c01-auto-iql-n32-policy-rollouts,
mulligan/sim-square-broad-r01-auto-iql-success-bc-n32-divl,seed-4,d9490727a4b759c613f4a85e0083df2a5d89c7ad,release-1,sim,sim-square-broad,r01,divl-agent,auto-iql-success-bc-n32,4,square_broad_r1_auto_iql_success_bc_n32,250001,,,mulligan/sim-square-broad-c00-teleop-baseline;mulligan/sim-square-broad-c01-auto-iql-n32-policy-rollouts,
mulligan/sim-square-broad-r01-auto-iql-success-bc-n32-divl,seed-5,d9490727a4b759c613f4a85e0083df2a5d89c7ad,release-1,sim,sim-square-broad,r01,divl-agent,auto-iql-success-bc-n32,5,square_broad_r1_auto_iql_success_bc_n32,250001,,,mulligan/sim-square-broad-c00-teleop-baseline;mulligan/sim-square-broad-c01-auto-iql-n32-policy-rollouts,
mulligan/sim-square-broad-r01-auto-iql-success-bc-n32-idql,seed-1,7d0c3cd3f2ddb7c283e3581324b3774110fe0087,release-1,sim,sim-square-broad,r01,idql-agent,auto-iql-success-bc-n32,1,square_broad_r1_auto_iql_success_bc_n32,250001,,,mulligan/sim-square-broad-c00-teleop-baseline;mulligan/sim-square-broad-c01-auto-iql-n32-policy-rollouts,
mulligan/sim-square-broad-r01-auto-iql-success-bc-n32-idql,seed-2,7d0c3cd3f2ddb7c283e3581324b3774110fe0087,release-1,sim,sim-square-broad,r01,idql-agent,auto-iql-success-bc-n32,2,square_broad_r1_auto_iql_success_bc_n32,250001,,,mulligan/sim-square-broad-c00-teleop-baseline;mulligan/sim-square-broad-c01-auto-iql-n32-policy-rollouts,
mulligan/sim-square-broad-r01-auto-iql-success-bc-n32-idql,seed-3,7d0c3cd3f2ddb7c283e3581324b3774110fe0087,release-1,sim,sim-square-broad,r01,idql-agent,auto-iql-success-bc-n32,3,square_broad_r1_auto_iql_success_bc_n32,250001,,,mulligan/sim-square-broad-c00-teleop-baseline;mulligan/sim-square-broad-c01-auto-iql-n32-policy-rollouts,
mulligan/sim-square-broad-r01-auto-iql-success-bc-n32-idql,seed-4,7d0c3cd3f2ddb7c283e3581324b3774110fe0087,release-1,sim,sim-square-broad,r01,idql-agent,auto-iql-success-bc-n32,4,square_broad_r1_auto_iql_success_bc_n32,250001,,,mulligan/sim-square-broad-c00-teleop-baseline;mulligan/sim-square-broad-c01-auto-iql-n32-policy-rollouts,
mulligan/sim-square-broad-r01-auto-iql-success-bc-n32-idql,seed-5,7d0c3cd3f2ddb7c283e3581324b3774110fe0087,release-1,sim,sim-square-broad,r01,idql-agent,auto-iql-success-bc-n32,5,square_broad_r1_auto_iql_success_bc_n32,250001,,,mulligan/sim-square-broad-c00-teleop-baseline;mulligan/sim-square-broad-c01-auto-iql-n32-policy-rollouts,
mulligan/sim-square-broad-r01-auto-plain-il-n1-idql,seed-1,31abc996280c59d01712ccf5ad50707ddff9b192,release-1,sim,sim-square-broad,r01,idql-agent,auto-plain-il-n1,1,,250001,,,mulligan/sim-square-broad-c00-teleop-baseline;mulligan/sim-square-broad-c01-auto-bc-n1-shared-policy-rollouts,
mulligan/sim-square-broad-r01-auto-plain-il-n1-idql,seed-2,31abc996280c59d01712ccf5ad50707ddff9b192,release-1,sim,sim-square-broad,r01,idql-agent,auto-plain-il-n1,2,,250001,,,mulligan/sim-square-broad-c00-teleop-baseline;mulligan/sim-square-broad-c01-auto-bc-n1-shared-policy-rollouts,
mulligan/sim-square-broad-r01-auto-plain-il-n1-idql,seed-3,31abc996280c59d01712ccf5ad50707ddff9b192,release-1,sim,sim-square-broad,r01,idql-agent,auto-plain-il-n1,3,,250001,,,mulligan/sim-square-broad-c00-teleop-baseline;mulligan/sim-square-broad-c01-auto-bc-n1-shared-policy-rollouts,
mulligan/sim-square-broad-r01-auto-plain-il-n1-idql,seed-4,31abc996280c59d01712ccf5ad50707ddff9b192,release-1,sim,sim-square-broad,r01,idql-agent,auto-plain-il-n1,4,,250001,,,mulligan/sim-square-broad-c00-teleop-baseline;mulligan/sim-square-broad-c01-auto-bc-n1-shared-policy-rollouts,
mulligan/sim-square-broad-r01-auto-plain-il-n1-idql,seed-5,31abc996280c59d01712ccf5ad50707ddff9b192,release-1,sim,sim-square-broad,r01,idql-agent,auto-plain-il-n1,5,,250001,,,mulligan/sim-square-broad-c00-teleop-baseline;mulligan/sim-square-broad-c01-auto-bc-n1-shared-policy-rollouts,
mulligan/sim-square-broad-r01-baseline-divl,seed-1,c59ec5b7f7e8f40272486e5bbd61ac7f1e47eff8,release-1,sim,sim-square-broad,r01,divl-agent,baseline,1,square_broad_r1_baseline_uniform_no_cf_human_only,250001,,,mulligan/sim-square-broad-c00-teleop-baseline;mulligan/sim-square-broad-c01-baseline-policy-rollouts;mulligan/sim-square-broad-c01-dagger-baseline,
mulligan/sim-square-broad-r01-baseline-divl,seed-2,c59ec5b7f7e8f40272486e5bbd61ac7f1e47eff8,release-1,sim,sim-square-broad,r01,divl-agent,baseline,2,square_broad_r1_baseline_uniform_no_cf_human_only,250001,,,mulligan/sim-square-broad-c00-teleop-baseline;mulligan/sim-square-broad-c01-baseline-policy-rollouts;mulligan/sim-square-broad-c01-dagger-baseline,
mulligan/sim-square-broad-r01-baseline-divl,seed-3,c59ec5b7f7e8f40272486e5bbd61ac7f1e47eff8,release-1,sim,sim-square-broad,r01,divl-agent,baseline,3,square_broad_r1_baseline_uniform_no_cf_human_only,250001,,,mulligan/sim-square-broad-c00-teleop-baseline;mulligan/sim-square-broad-c01-baseline-policy-rollouts;mulligan/sim-square-broad-c01-dagger-baseline,
mulligan/sim-square-broad-r01-baseline-divl,seed-4,c59ec5b7f7e8f40272486e5bbd61ac7f1e47eff8,release-1,sim,sim-square-broad,r01,divl-agent,baseline,4,square_broad_r1_baseline_uniform_no_cf_human_only,250001,,,mulligan/sim-square-broad-c00-teleop-baseline;mulligan/sim-square-broad-c01-baseline-policy-rollouts;mulligan/sim-square-broad-c01-dagger-baseline,
mulligan/sim-square-broad-r01-baseline-divl,seed-5,c59ec5b7f7e8f40272486e5bbd61ac7f1e47eff8,release-1,sim,sim-square-broad,r01,divl-agent,baseline,5,square_broad_r1_baseline_uniform_no_cf_human_only,250001,,,mulligan/sim-square-broad-c00-teleop-baseline;mulligan/sim-square-broad-c01-baseline-policy-rollouts;mulligan/sim-square-broad-c01-dagger-baseline,
mulligan/sim-square-broad-r01-baseline-idql,seed-1,f1a4f0e3a4d63739fec5d9a24796a54c7c02b800,release-1,sim,sim-square-broad,r01,idql-agent,baseline,1,square_broad_r1_baseline_uniform_no_cf_human_only,250001,,,mulligan/sim-square-broad-c00-teleop-baseline;mulligan/sim-square-broad-c01-baseline-policy-rollouts;mulligan/sim-square-broad-c01-dagger-baseline,
mulligan/sim-square-broad-r01-baseline-idql,seed-2,f1a4f0e3a4d63739fec5d9a24796a54c7c02b800,release-1,sim,sim-square-broad,r01,idql-agent,baseline,2,square_broad_r1_baseline_uniform_no_cf_human_only,250001,,,mulligan/sim-square-broad-c00-teleop-baseline;mulligan/sim-square-broad-c01-baseline-policy-rollouts;mulligan/sim-square-broad-c01-dagger-baseline,
mulligan/sim-square-broad-r01-baseline-idql,seed-3,f1a4f0e3a4d63739fec5d9a24796a54c7c02b800,release-1,sim,sim-square-broad,r01,idql-agent,baseline,3,square_broad_r1_baseline_uniform_no_cf_human_only,250001,,,mulligan/sim-square-broad-c00-teleop-baseline;mulligan/sim-square-broad-c01-baseline-policy-rollouts;mulligan/sim-square-broad-c01-dagger-baseline,
mulligan/sim-square-broad-r01-baseline-idql,seed-4,f1a4f0e3a4d63739fec5d9a24796a54c7c02b800,release-1,sim,sim-square-broad,r01,idql-agent,baseline,4,square_broad_r1_baseline_uniform_no_cf_human_only,250001,,,mulligan/sim-square-broad-c00-teleop-baseline;mulligan/sim-square-broad-c01-baseline-policy-rollouts;mulligan/sim-square-broad-c01-dagger-baseline,
mulligan/sim-square-broad-r01-baseline-idql,seed-5,f1a4f0e3a4d63739fec5d9a24796a54c7c02b800,release-1,sim,sim-square-broad,r01,idql-agent,baseline,5,square_broad_r1_baseline_uniform_no_cf_human_only,250001,,,mulligan/sim-square-broad-c00-teleop-baseline;mulligan/sim-square-broad-c01-baseline-policy-rollouts;mulligan/sim-square-broad-c01-dagger-baseline,
mulligan/sim-square-broad-r01-baseline-straddled-auto-success-divl,seed-1,9e9d1405604d2367f6adfb9df8f770f5d84c6d94,release-1,sim,sim-square-broad,r01,divl-agent,baseline-straddled-auto-success,1,square_broad_r1_baseline_uniform_no_cf_straddled_auto_success,250001,,,mulligan/sim-square-broad-c00-teleop-baseline;mulligan/sim-square-broad-c01-baseline-policy-rollouts;mulligan/sim-square-broad-c01-dagger-baseline,
mulligan/sim-square-broad-r01-baseline-straddled-auto-success-divl,seed-2,9e9d1405604d2367f6adfb9df8f770f5d84c6d94,release-1,sim,sim-square-broad,r01,divl-agent,baseline-straddled-auto-success,2,square_broad_r1_baseline_uniform_no_cf_straddled_auto_success,250001,,,mulligan/sim-square-broad-c00-teleop-baseline;mulligan/sim-square-broad-c01-baseline-policy-rollouts;mulligan/sim-square-broad-c01-dagger-baseline,
mulligan/sim-square-broad-r01-baseline-straddled-auto-success-divl,seed-3,9e9d1405604d2367f6adfb9df8f770f5d84c6d94,release-1,sim,sim-square-broad,r01,divl-agent,baseline-straddled-auto-success,3,square_broad_r1_baseline_uniform_no_cf_straddled_auto_success,250001,,,mulligan/sim-square-broad-c00-teleop-baseline;mulligan/sim-square-broad-c01-baseline-policy-rollouts;mulligan/sim-square-broad-c01-dagger-baseline,
mulligan/sim-square-broad-r01-baseline-straddled-auto-success-divl,seed-4,9e9d1405604d2367f6adfb9df8f770f5d84c6d94,release-1,sim,sim-square-broad,r01,divl-agent,baseline-straddled-auto-success,4,square_broad_r1_baseline_uniform_no_cf_straddled_auto_success,250001,,,mulligan/sim-square-broad-c00-teleop-baseline;mulligan/sim-square-broad-c01-baseline-policy-rollouts;mulligan/sim-square-broad-c01-dagger-baseline,
mulligan/sim-square-broad-r01-baseline-straddled-auto-success-divl,seed-5,9e9d1405604d2367f6adfb9df8f770f5d84c6d94,release-1,sim,sim-square-broad,r01,divl-agent,baseline-straddled-auto-success,5,square_broad_r1_baseline_uniform_no_cf_straddled_auto_success,250001,,,mulligan/sim-square-broad-c00-teleop-baseline;mulligan/sim-square-broad-c01-baseline-policy-rollouts;mulligan/sim-square-broad-c01-dagger-baseline,
mulligan/sim-square-broad-r01-baseline-straddled-auto-success-idql,seed-1,7424103706d8944121a3b1f1cad528babb66001c,release-1,sim,sim-square-broad,r01,idql-agent,baseline-straddled-auto-success,1,square_broad_r1_baseline_uniform_no_cf_straddled_auto_success,250001,,,mulligan/sim-square-broad-c00-teleop-baseline;mulligan/sim-square-broad-c01-baseline-policy-rollouts;mulligan/sim-square-broad-c01-dagger-baseline,
mulligan/sim-square-broad-r01-baseline-straddled-auto-success-idql,seed-2,7424103706d8944121a3b1f1cad528babb66001c,release-1,sim,sim-square-broad,r01,idql-agent,baseline-straddled-auto-success,2,square_broad_r1_baseline_uniform_no_cf_straddled_auto_success,250001,,,mulligan/sim-square-broad-c00-teleop-baseline;mulligan/sim-square-broad-c01-baseline-policy-rollouts;mulligan/sim-square-broad-c01-dagger-baseline,
mulligan/sim-square-broad-r01-baseline-straddled-auto-success-idql,seed-3,7424103706d8944121a3b1f1cad528babb66001c,release-1,sim,sim-square-broad,r01,idql-agent,baseline-straddled-auto-success,3,square_broad_r1_baseline_uniform_no_cf_straddled_auto_success,250001,,,mulligan/sim-square-broad-c00-teleop-baseline;mulligan/sim-square-broad-c01-baseline-policy-rollouts;mulligan/sim-square-broad-c01-dagger-baseline,
mulligan/sim-square-broad-r01-baseline-straddled-auto-success-idql,seed-4,7424103706d8944121a3b1f1cad528babb66001c,release-1,sim,sim-square-broad,r01,idql-agent,baseline-straddled-auto-success,4,square_broad_r1_baseline_uniform_no_cf_straddled_auto_success,250001,,,mulligan/sim-square-broad-c00-teleop-baseline;mulligan/sim-square-broad-c01-baseline-policy-rollouts;mulligan/sim-square-broad-c01-dagger-baseline,
mulligan/sim-square-broad-r01-baseline-straddled-auto-success-idql,seed-5,7424103706d8944121a3b1f1cad528babb66001c,release-1,sim,sim-square-broad,r01,idql-agent,baseline-straddled-auto-success,5,square_broad_r1_baseline_uniform_no_cf_straddled_auto_success,250001,,,mulligan/sim-square-broad-c00-teleop-baseline;mulligan/sim-square-broad-c01-baseline-policy-rollouts;mulligan/sim-square-broad-c01-dagger-baseline,
mulligan/sim-square-broad-r01-mulligan-divl,seed-1,57beeb80977bdd4f2cbc2543806c32147d77b40a,release-1,sim,sim-square-broad,r01,divl-agent,mulligan,1,square_broad_r1_mulligan_with_cf_human_only,250001,,,mulligan/sim-square-broad-c00-teleop-sobol;mulligan/sim-square-broad-c01-dagger-mulligan;mulligan/sim-square-broad-c01-sobol-policy-rollouts,
mulligan/sim-square-broad-r01-mulligan-divl,seed-2,57beeb80977bdd4f2cbc2543806c32147d77b40a,release-1,sim,sim-square-broad,r01,divl-agent,mulligan,2,square_broad_r1_mulligan_with_cf_human_only,250001,,,mulligan/sim-square-broad-c00-teleop-sobol;mulligan/sim-square-broad-c01-dagger-mulligan;mulligan/sim-square-broad-c01-sobol-policy-rollouts,
mulligan/sim-square-broad-r01-mulligan-divl,seed-3,57beeb80977bdd4f2cbc2543806c32147d77b40a,release-1,sim,sim-square-broad,r01,divl-agent,mulligan,3,square_broad_r1_mulligan_with_cf_human_only,250001,,,mulligan/sim-square-broad-c00-teleop-sobol;mulligan/sim-square-broad-c01-dagger-mulligan;mulligan/sim-square-broad-c01-sobol-policy-rollouts,
mulligan/sim-square-broad-r01-mulligan-divl,seed-4,57beeb80977bdd4f2cbc2543806c32147d77b40a,release-1,sim,sim-square-broad,r01,divl-agent,mulligan,4,square_broad_r1_mulligan_with_cf_human_only,250001,,,mulligan/sim-square-broad-c00-teleop-sobol;mulligan/sim-square-broad-c01-dagger-mulligan;mulligan/sim-square-broad-c01-sobol-policy-rollouts,
mulligan/sim-square-broad-r01-mulligan-divl,seed-5,57beeb80977bdd4f2cbc2543806c32147d77b40a,release-1,sim,sim-square-broad,r01,divl-agent,mulligan,5,square_broad_r1_mulligan_with_cf_human_only,250001,,,mulligan/sim-square-broad-c00-teleop-sobol;mulligan/sim-square-broad-c01-dagger-mulligan;mulligan/sim-square-broad-c01-sobol-policy-rollouts,
mulligan/sim-square-broad-r01-mulligan-idql,seed-1,3e9a1ae506a4f98a3b4a762dda7005804be41fa0,release-1,sim,sim-square-broad,r01,idql-agent,mulligan,1,square_broad_r1_mulligan_with_cf_human_only,250001,,,mulligan/sim-square-broad-c00-teleop-sobol;mulligan/sim-square-broad-c01-dagger-mulligan;mulligan/sim-square-broad-c01-sobol-policy-rollouts,
mulligan/sim-square-broad-r01-mulligan-idql,seed-2,3e9a1ae506a4f98a3b4a762dda7005804be41fa0,release-1,sim,sim-square-broad,r01,idql-agent,mulligan,2,square_broad_r1_mulligan_with_cf_human_only,250001,,,mulligan/sim-square-broad-c00-teleop-sobol;mulligan/sim-square-broad-c01-dagger-mulligan;mulligan/sim-square-broad-c01-sobol-policy-rollouts,
mulligan/sim-square-broad-r01-mulligan-idql,seed-3,3e9a1ae506a4f98a3b4a762dda7005804be41fa0,release-1,sim,sim-square-broad,r01,idql-agent,mulligan,3,square_broad_r1_mulligan_with_cf_human_only,250001,,,mulligan/sim-square-broad-c00-teleop-sobol;mulligan/sim-square-broad-c01-dagger-mulligan;mulligan/sim-square-broad-c01-sobol-policy-rollouts,
mulligan/sim-square-broad-r01-mulligan-idql,seed-4,3e9a1ae506a4f98a3b4a762dda7005804be41fa0,release-1,sim,sim-square-broad,r01,idql-agent,mulligan,4,square_broad_r1_mulligan_with_cf_human_only,250001,,,mulligan/sim-square-broad-c00-teleop-sobol;mulligan/sim-square-broad-c01-dagger-mulligan;mulligan/sim-square-broad-c01-sobol-policy-rollouts,
mulligan/sim-square-broad-r01-mulligan-idql,seed-5,3e9a1ae506a4f98a3b4a762dda7005804be41fa0,release-1,sim,sim-square-broad,r01,idql-agent,mulligan,5,square_broad_r1_mulligan_with_cf_human_only,250001,,,mulligan/sim-square-broad-c00-teleop-sobol;mulligan/sim-square-broad-c01-dagger-mulligan;mulligan/sim-square-broad-c01-sobol-policy-rollouts,
mulligan/sim-square-broad-r01-mulligan-no-cf-divl,seed-1,7148a7e4d10b2c905f85641b1468a6c64ddf9fdc,release-1,sim,sim-square-broad,r01,divl-agent,mulligan-no-cf,1,square_broad_r1_mulligan_no_cf_human_only,250001,,,mulligan/sim-square-broad-c00-teleop-sobol;mulligan/sim-square-broad-c01-dagger-mulligan-no-cf;mulligan/sim-square-broad-c01-sobol-policy-rollouts,
mulligan/sim-square-broad-r01-mulligan-no-cf-divl,seed-2,7148a7e4d10b2c905f85641b1468a6c64ddf9fdc,release-1,sim,sim-square-broad,r01,divl-agent,mulligan-no-cf,2,square_broad_r1_mulligan_no_cf_human_only,250001,,,mulligan/sim-square-broad-c00-teleop-sobol;mulligan/sim-square-broad-c01-dagger-mulligan-no-cf;mulligan/sim-square-broad-c01-sobol-policy-rollouts,
mulligan/sim-square-broad-r01-mulligan-no-cf-divl,seed-3,7148a7e4d10b2c905f85641b1468a6c64ddf9fdc,release-1,sim,sim-square-broad,r01,divl-agent,mulligan-no-cf,3,square_broad_r1_mulligan_no_cf_human_only,250001,,,mulligan/sim-square-broad-c00-teleop-sobol;mulligan/sim-square-broad-c01-dagger-mulligan-no-cf;mulligan/sim-square-broad-c01-sobol-policy-rollouts,
mulligan/sim-square-broad-r01-mulligan-no-cf-divl,seed-4,7148a7e4d10b2c905f85641b1468a6c64ddf9fdc,release-1,sim,sim-square-broad,r01,divl-agent,mulligan-no-cf,4,square_broad_r1_mulligan_no_cf_human_only,250001,,,mulligan/sim-square-broad-c00-teleop-sobol;mulligan/sim-square-broad-c01-dagger-mulligan-no-cf;mulligan/sim-square-broad-c01-sobol-policy-rollouts,
mulligan/sim-square-broad-r01-mulligan-no-cf-divl,seed-5,7148a7e4d10b2c905f85641b1468a6c64ddf9fdc,release-1,sim,sim-square-broad,r01,divl-agent,mulligan-no-cf,5,square_broad_r1_mulligan_no_cf_human_only,250001,,,mulligan/sim-square-broad-c00-teleop-sobol;mulligan/sim-square-broad-c01-dagger-mulligan-no-cf;mulligan/sim-square-broad-c01-sobol-policy-rollouts,
mulligan/sim-square-broad-r01-mulligan-no-cf-idql,seed-1,635c87a53cea1f0dc8109ba7ce1b03912138128e,release-1,sim,sim-square-broad,r01,idql-agent,mulligan-no-cf,1,square_broad_r1_mulligan_no_cf_human_only,250001,,,mulligan/sim-square-broad-c00-teleop-sobol;mulligan/sim-square-broad-c01-dagger-mulligan-no-cf;mulligan/sim-square-broad-c01-sobol-policy-rollouts,
mulligan/sim-square-broad-r01-mulligan-no-cf-idql,seed-2,635c87a53cea1f0dc8109ba7ce1b03912138128e,release-1,sim,sim-square-broad,r01,idql-agent,mulligan-no-cf,2,square_broad_r1_mulligan_no_cf_human_only,250001,,,mulligan/sim-square-broad-c00-teleop-sobol;mulligan/sim-square-broad-c01-dagger-mulligan-no-cf;mulligan/sim-square-broad-c01-sobol-policy-rollouts,
mulligan/sim-square-broad-r01-mulligan-no-cf-idql,seed-3,635c87a53cea1f0dc8109ba7ce1b03912138128e,release-1,sim,sim-square-broad,r01,idql-agent,mulligan-no-cf,3,square_broad_r1_mulligan_no_cf_human_only,250001,,,mulligan/sim-square-broad-c00-teleop-sobol;mulligan/sim-square-broad-c01-dagger-mulligan-no-cf;mulligan/sim-square-broad-c01-sobol-policy-rollouts,
mulligan/sim-square-broad-r01-mulligan-no-cf-idql,seed-4,635c87a53cea1f0dc8109ba7ce1b03912138128e,release-1,sim,sim-square-broad,r01,idql-agent,mulligan-no-cf,4,square_broad_r1_mulligan_no_cf_human_only,250001,,,mulligan/sim-square-broad-c00-teleop-sobol;mulligan/sim-square-broad-c01-dagger-mulligan-no-cf;mulligan/sim-square-broad-c01-sobol-policy-rollouts,
mulligan/sim-square-broad-r01-mulligan-no-cf-idql,seed-5,635c87a53cea1f0dc8109ba7ce1b03912138128e,release-1,sim,sim-square-broad,r01,idql-agent,mulligan-no-cf,5,square_broad_r1_mulligan_no_cf_human_only,250001,,,mulligan/sim-square-broad-c00-teleop-sobol;mulligan/sim-square-broad-c01-dagger-mulligan-no-cf;mulligan/sim-square-broad-c01-sobol-policy-rollouts,
mulligan/sim-square-broad-r01-sobol-no-cf-divl,seed-1,a7a5f3d3b450787036cd0c6d1eeb50dd53775ebb,release-1,sim,sim-square-broad,r01,divl-agent,sobol-no-cf,1,square_broad_r1_sobol_no_cf_human_only,250001,,,mulligan/sim-square-broad-c00-teleop-sobol;mulligan/sim-square-broad-c01-dagger-sobol-no-cf;mulligan/sim-square-broad-c01-sobol-policy-rollouts,
mulligan/sim-square-broad-r01-sobol-no-cf-divl,seed-2,a7a5f3d3b450787036cd0c6d1eeb50dd53775ebb,release-1,sim,sim-square-broad,r01,divl-agent,sobol-no-cf,2,square_broad_r1_sobol_no_cf_human_only,250001,,,mulligan/sim-square-broad-c00-teleop-sobol;mulligan/sim-square-broad-c01-dagger-sobol-no-cf;mulligan/sim-square-broad-c01-sobol-policy-rollouts,
mulligan/sim-square-broad-r01-sobol-no-cf-divl,seed-3,a7a5f3d3b450787036cd0c6d1eeb50dd53775ebb,release-1,sim,sim-square-broad,r01,divl-agent,sobol-no-cf,3,square_broad_r1_sobol_no_cf_human_only,250001,,,mulligan/sim-square-broad-c00-teleop-sobol;mulligan/sim-square-broad-c01-dagger-sobol-no-cf;mulligan/sim-square-broad-c01-sobol-policy-rollouts,
mulligan/sim-square-broad-r01-sobol-no-cf-divl,seed-4,a7a5f3d3b450787036cd0c6d1eeb50dd53775ebb,release-1,sim,sim-square-broad,r01,divl-agent,sobol-no-cf,4,square_broad_r1_sobol_no_cf_human_only,250001,,,mulligan/sim-square-broad-c00-teleop-sobol;mulligan/sim-square-broad-c01-dagger-sobol-no-cf;mulligan/sim-square-broad-c01-sobol-policy-rollouts,
mulligan/sim-square-broad-r01-sobol-no-cf-divl,seed-5,a7a5f3d3b450787036cd0c6d1eeb50dd53775ebb,release-1,sim,sim-square-broad,r01,divl-agent,sobol-no-cf,5,square_broad_r1_sobol_no_cf_human_only,250001,,,mulligan/sim-square-broad-c00-teleop-sobol;mulligan/sim-square-broad-c01-dagger-sobol-no-cf;mulligan/sim-square-broad-c01-sobol-policy-rollouts,
mulligan/sim-square-broad-r01-sobol-no-cf-idql,seed-1,6e36c0203fe9e1a2ad2b96913dc3950850ebb4ae,release-1,sim,sim-square-broad,r01,idql-agent,sobol-no-cf,1,square_broad_r1_sobol_no_cf_human_only,250001,,,mulligan/sim-square-broad-c00-teleop-sobol;mulligan/sim-square-broad-c01-dagger-sobol-no-cf;mulligan/sim-square-broad-c01-sobol-policy-rollouts,
mulligan/sim-square-broad-r01-sobol-no-cf-idql,seed-2,6e36c0203fe9e1a2ad2b96913dc3950850ebb4ae,release-1,sim,sim-square-broad,r01,idql-agent,sobol-no-cf,2,square_broad_r1_sobol_no_cf_human_only,250001,,,mulligan/sim-square-broad-c00-teleop-sobol;mulligan/sim-square-broad-c01-dagger-sobol-no-cf;mulligan/sim-square-broad-c01-sobol-policy-rollouts,
mulligan/sim-square-broad-r01-sobol-no-cf-idql,seed-3,6e36c0203fe9e1a2ad2b96913dc3950850ebb4ae,release-1,sim,sim-square-broad,r01,idql-agent,sobol-no-cf,3,square_broad_r1_sobol_no_cf_human_only,250001,,,mulligan/sim-square-broad-c00-teleop-sobol;mulligan/sim-square-broad-c01-dagger-sobol-no-cf;mulligan/sim-square-broad-c01-sobol-policy-rollouts,
mulligan/sim-square-broad-r01-sobol-no-cf-idql,seed-4,6e36c0203fe9e1a2ad2b96913dc3950850ebb4ae,release-1,sim,sim-square-broad,r01,idql-agent,sobol-no-cf,4,square_broad_r1_sobol_no_cf_human_only,250001,,,mulligan/sim-square-broad-c00-teleop-sobol;mulligan/sim-square-broad-c01-dagger-sobol-no-cf;mulligan/sim-square-broad-c01-sobol-policy-rollouts,
mulligan/sim-square-broad-r01-sobol-no-cf-idql,seed-5,6e36c0203fe9e1a2ad2b96913dc3950850ebb4ae,release-1,sim,sim-square-broad,r01,idql-agent,sobol-no-cf,5,square_broad_r1_sobol_no_cf_human_only,250001,,,mulligan/sim-square-broad-c00-teleop-sobol;mulligan/sim-square-broad-c01-dagger-sobol-no-cf;mulligan/sim-square-broad-c01-sobol-policy-rollouts,
mulligan/sim-square-broad-r01-sobol-with-cf-divl,seed-1,ddc1ed63af225cc0a26a847b93f377d3a5421225,release-1,sim,sim-square-broad,r01,divl-agent,sobol-with-cf,1,square_broad_r1_sobol_with_cf_human_only,250001,,,mulligan/sim-square-broad-c00-teleop-sobol;mulligan/sim-square-broad-c01-dagger-sobol-with-cf;mulligan/sim-square-broad-c01-sobol-policy-rollouts,
mulligan/sim-square-broad-r01-sobol-with-cf-divl,seed-2,ddc1ed63af225cc0a26a847b93f377d3a5421225,release-1,sim,sim-square-broad,r01,divl-agent,sobol-with-cf,2,square_broad_r1_sobol_with_cf_human_only,250001,,,mulligan/sim-square-broad-c00-teleop-sobol;mulligan/sim-square-broad-c01-dagger-sobol-with-cf;mulligan/sim-square-broad-c01-sobol-policy-rollouts,
mulligan/sim-square-broad-r01-sobol-with-cf-divl,seed-3,ddc1ed63af225cc0a26a847b93f377d3a5421225,release-1,sim,sim-square-broad,r01,divl-agent,sobol-with-cf,3,square_broad_r1_sobol_with_cf_human_only,250001,,,mulligan/sim-square-broad-c00-teleop-sobol;mulligan/sim-square-broad-c01-dagger-sobol-with-cf;mulligan/sim-square-broad-c01-sobol-policy-rollouts,
mulligan/sim-square-broad-r01-sobol-with-cf-divl,seed-4,ddc1ed63af225cc0a26a847b93f377d3a5421225,release-1,sim,sim-square-broad,r01,divl-agent,sobol-with-cf,4,square_broad_r1_sobol_with_cf_human_only,250001,,,mulligan/sim-square-broad-c00-teleop-sobol;mulligan/sim-square-broad-c01-dagger-sobol-with-cf;mulligan/sim-square-broad-c01-sobol-policy-rollouts,
mulligan/sim-square-broad-r01-sobol-with-cf-divl,seed-5,ddc1ed63af225cc0a26a847b93f377d3a5421225,release-1,sim,sim-square-broad,r01,divl-agent,sobol-with-cf,5,square_broad_r1_sobol_with_cf_human_only,250001,,,mulligan/sim-square-broad-c00-teleop-sobol;mulligan/sim-square-broad-c01-dagger-sobol-with-cf;mulligan/sim-square-broad-c01-sobol-policy-rollouts,
mulligan/sim-square-broad-r01-sobol-with-cf-idql,seed-1,8a51afbf23a845b801240423e16022a59989fee9,release-1,sim,sim-square-broad,r01,idql-agent,sobol-with-cf,1,square_broad_r1_sobol_with_cf_human_only,250001,,,mulligan/sim-square-broad-c00-teleop-sobol;mulligan/sim-square-broad-c01-dagger-sobol-with-cf;mulligan/sim-square-broad-c01-sobol-policy-rollouts,
mulligan/sim-square-broad-r01-sobol-with-cf-idql,seed-2,8a51afbf23a845b801240423e16022a59989fee9,release-1,sim,sim-square-broad,r01,idql-agent,sobol-with-cf,2,square_broad_r1_sobol_with_cf_human_only,250001,,,mulligan/sim-square-broad-c00-teleop-sobol;mulligan/sim-square-broad-c01-dagger-sobol-with-cf;mulligan/sim-square-broad-c01-sobol-policy-rollouts,
mulligan/sim-square-broad-r01-sobol-with-cf-idql,seed-3,8a51afbf23a845b801240423e16022a59989fee9,release-1,sim,sim-square-broad,r01,idql-agent,sobol-with-cf,3,square_broad_r1_sobol_with_cf_human_only,250001,,,mulligan/sim-square-broad-c00-teleop-sobol;mulligan/sim-square-broad-c01-dagger-sobol-with-cf;mulligan/sim-square-broad-c01-sobol-policy-rollouts,
mulligan/sim-square-broad-r01-sobol-with-cf-idql,seed-4,8a51afbf23a845b801240423e16022a59989fee9,release-1,sim,sim-square-broad,r01,idql-agent,sobol-with-cf,4,square_broad_r1_sobol_with_cf_human_only,250001,,,mulligan/sim-square-broad-c00-teleop-sobol;mulligan/sim-square-broad-c01-dagger-sobol-with-cf;mulligan/sim-square-broad-c01-sobol-policy-rollouts,
mulligan/sim-square-broad-r01-sobol-with-cf-idql,seed-5,8a51afbf23a845b801240423e16022a59989fee9,release-1,sim,sim-square-broad,r01,idql-agent,sobol-with-cf,5,square_broad_r1_sobol_with_cf_human_only,250001,,,mulligan/sim-square-broad-c00-teleop-sobol;mulligan/sim-square-broad-c01-dagger-sobol-with-cf;mulligan/sim-square-broad-c01-sobol-policy-rollouts,
mulligan/sim-square-broad-r02-auto-filtered-bc-n1-idql,seed-1,c7a91e8f6e8a08e6fa9c5fb3bb6fbf62d585a8e7,release-1,sim,sim-square-broad,r02,idql-agent,auto-filtered-bc-n1,1,,250001,,,mulligan/sim-square-broad-c00-teleop-baseline;mulligan/sim-square-broad-c01-auto-bc-n1-shared-policy-rollouts;mulligan/sim-square-broad-c02-auto-filtered-bc-n1-policy-rollouts,
mulligan/sim-square-broad-r02-auto-filtered-bc-n1-idql,seed-2,c7a91e8f6e8a08e6fa9c5fb3bb6fbf62d585a8e7,release-1,sim,sim-square-broad,r02,idql-agent,auto-filtered-bc-n1,2,,250001,,,mulligan/sim-square-broad-c00-teleop-baseline;mulligan/sim-square-broad-c01-auto-bc-n1-shared-policy-rollouts;mulligan/sim-square-broad-c02-auto-filtered-bc-n1-policy-rollouts,
mulligan/sim-square-broad-r02-auto-filtered-bc-n1-idql,seed-3,c7a91e8f6e8a08e6fa9c5fb3bb6fbf62d585a8e7,release-1,sim,sim-square-broad,r02,idql-agent,auto-filtered-bc-n1,3,,250001,,,mulligan/sim-square-broad-c00-teleop-baseline;mulligan/sim-square-broad-c01-auto-bc-n1-shared-policy-rollouts;mulligan/sim-square-broad-c02-auto-filtered-bc-n1-policy-rollouts,
mulligan/sim-square-broad-r02-auto-filtered-bc-n1-idql,seed-4,c7a91e8f6e8a08e6fa9c5fb3bb6fbf62d585a8e7,release-1,sim,sim-square-broad,r02,idql-agent,auto-filtered-bc-n1,4,,250001,,,mulligan/sim-square-broad-c00-teleop-baseline;mulligan/sim-square-broad-c01-auto-bc-n1-shared-policy-rollouts;mulligan/sim-square-broad-c02-auto-filtered-bc-n1-policy-rollouts,
mulligan/sim-square-broad-r02-auto-filtered-bc-n1-idql,seed-5,c7a91e8f6e8a08e6fa9c5fb3bb6fbf62d585a8e7,release-1,sim,sim-square-broad,r02,idql-agent,auto-filtered-bc-n1,5,,250001,,,mulligan/sim-square-broad-c00-teleop-baseline;mulligan/sim-square-broad-c01-auto-bc-n1-shared-policy-rollouts;mulligan/sim-square-broad-c02-auto-filtered-bc-n1-policy-rollouts,
mulligan/sim-square-broad-r02-auto-iql-n32-divl,seed-1,50f1723ed2b10fa97b7226adf94f4fe8eb90b619,release-1,sim,sim-square-broad,r02,divl-agent,auto-iql-n32,1,square_broad_r2_auto_iql_n32,250001,,,mulligan/sim-square-broad-c00-teleop-baseline;mulligan/sim-square-broad-c01-auto-iql-n32-policy-rollouts;mulligan/sim-square-broad-c02-auto-iql-n32-policy-rollouts,
mulligan/sim-square-broad-r02-auto-iql-n32-divl,seed-2,50f1723ed2b10fa97b7226adf94f4fe8eb90b619,release-1,sim,sim-square-broad,r02,divl-agent,auto-iql-n32,2,square_broad_r2_auto_iql_n32,250001,,,mulligan/sim-square-broad-c00-teleop-baseline;mulligan/sim-square-broad-c01-auto-iql-n32-policy-rollouts;mulligan/sim-square-broad-c02-auto-iql-n32-policy-rollouts,
mulligan/sim-square-broad-r02-auto-iql-n32-divl,seed-3,50f1723ed2b10fa97b7226adf94f4fe8eb90b619,release-1,sim,sim-square-broad,r02,divl-agent,auto-iql-n32,3,square_broad_r2_auto_iql_n32,250001,,,mulligan/sim-square-broad-c00-teleop-baseline;mulligan/sim-square-broad-c01-auto-iql-n32-policy-rollouts;mulligan/sim-square-broad-c02-auto-iql-n32-policy-rollouts,
mulligan/sim-square-broad-r02-auto-iql-n32-divl,seed-4,50f1723ed2b10fa97b7226adf94f4fe8eb90b619,release-1,sim,sim-square-broad,r02,divl-agent,auto-iql-n32,4,square_broad_r2_auto_iql_n32,250001,,,mulligan/sim-square-broad-c00-teleop-baseline;mulligan/sim-square-broad-c01-auto-iql-n32-policy-rollouts;mulligan/sim-square-broad-c02-auto-iql-n32-policy-rollouts,
mulligan/sim-square-broad-r02-auto-iql-n32-divl,seed-5,50f1723ed2b10fa97b7226adf94f4fe8eb90b619,release-1,sim,sim-square-broad,r02,divl-agent,auto-iql-n32,5,square_broad_r2_auto_iql_n32,250001,,,mulligan/sim-square-broad-c00-teleop-baseline;mulligan/sim-square-broad-c01-auto-iql-n32-policy-rollouts;mulligan/sim-square-broad-c02-auto-iql-n32-policy-rollouts,
mulligan/sim-square-broad-r02-auto-iql-n32-idql,seed-1,344097d394fe5154821abd257d7b638d8cd9de63,release-1,sim,sim-square-broad,r02,idql-agent,auto-iql-n32,1,square_broad_r2_auto_iql_n32,250001,,,mulligan/sim-square-broad-c00-teleop-baseline;mulligan/sim-square-broad-c01-auto-iql-n32-policy-rollouts;mulligan/sim-square-broad-c02-auto-iql-n32-policy-rollouts,
mulligan/sim-square-broad-r02-auto-iql-n32-idql,seed-2,344097d394fe5154821abd257d7b638d8cd9de63,release-1,sim,sim-square-broad,r02,idql-agent,auto-iql-n32,2,square_broad_r2_auto_iql_n32,250001,,,mulligan/sim-square-broad-c00-teleop-baseline;mulligan/sim-square-broad-c01-auto-iql-n32-policy-rollouts;mulligan/sim-square-broad-c02-auto-iql-n32-policy-rollouts,
mulligan/sim-square-broad-r02-auto-iql-n32-idql,seed-3,344097d394fe5154821abd257d7b638d8cd9de63,release-1,sim,sim-square-broad,r02,idql-agent,auto-iql-n32,3,square_broad_r2_auto_iql_n32,250001,,,mulligan/sim-square-broad-c00-teleop-baseline;mulligan/sim-square-broad-c01-auto-iql-n32-policy-rollouts;mulligan/sim-square-broad-c02-auto-iql-n32-policy-rollouts,
mulligan/sim-square-broad-r02-auto-iql-n32-idql,seed-4,344097d394fe5154821abd257d7b638d8cd9de63,release-1,sim,sim-square-broad,r02,idql-agent,auto-iql-n32,4,square_broad_r2_auto_iql_n32,250001,,,mulligan/sim-square-broad-c00-teleop-baseline;mulligan/sim-square-broad-c01-auto-iql-n32-policy-rollouts;mulligan/sim-square-broad-c02-auto-iql-n32-policy-rollouts,
mulligan/sim-square-broad-r02-auto-iql-n32-idql,seed-5,344097d394fe5154821abd257d7b638d8cd9de63,release-1,sim,sim-square-broad,r02,idql-agent,auto-iql-n32,5,square_broad_r2_auto_iql_n32,250001,,,mulligan/sim-square-broad-c00-teleop-baseline;mulligan/sim-square-broad-c01-auto-iql-n32-policy-rollouts;mulligan/sim-square-broad-c02-auto-iql-n32-policy-rollouts,
mulligan/sim-square-broad-r02-auto-iql-success-bc-n32-divl,seed-1,25eef3c5a5ab1ca755b964cf76c9cc65f0bf424a,release-1,sim,sim-square-broad,r02,divl-agent,auto-iql-success-bc-n32,1,square_broad_r2_auto_iql_success_bc_n32,250001,,,mulligan/sim-square-broad-c00-teleop-baseline;mulligan/sim-square-broad-c01-auto-iql-n32-policy-rollouts;mulligan/sim-square-broad-c02-auto-iql-success-bc-n32-policy-rollouts,
mulligan/sim-square-broad-r02-auto-iql-success-bc-n32-divl,seed-2,25eef3c5a5ab1ca755b964cf76c9cc65f0bf424a,release-1,sim,sim-square-broad,r02,divl-agent,auto-iql-success-bc-n32,2,square_broad_r2_auto_iql_success_bc_n32,250001,,,mulligan/sim-square-broad-c00-teleop-baseline;mulligan/sim-square-broad-c01-auto-iql-n32-policy-rollouts;mulligan/sim-square-broad-c02-auto-iql-success-bc-n32-policy-rollouts,
mulligan/sim-square-broad-r02-auto-iql-success-bc-n32-divl,seed-3,25eef3c5a5ab1ca755b964cf76c9cc65f0bf424a,release-1,sim,sim-square-broad,r02,divl-agent,auto-iql-success-bc-n32,3,square_broad_r2_auto_iql_success_bc_n32,250001,,,mulligan/sim-square-broad-c00-teleop-baseline;mulligan/sim-square-broad-c01-auto-iql-n32-policy-rollouts;mulligan/sim-square-broad-c02-auto-iql-success-bc-n32-policy-rollouts,
mulligan/sim-square-broad-r02-auto-iql-success-bc-n32-divl,seed-4,25eef3c5a5ab1ca755b964cf76c9cc65f0bf424a,release-1,sim,sim-square-broad,r02,divl-agent,auto-iql-success-bc-n32,4,square_broad_r2_auto_iql_success_bc_n32,250001,,,mulligan/sim-square-broad-c00-teleop-baseline;mulligan/sim-square-broad-c01-auto-iql-n32-policy-rollouts;mulligan/sim-square-broad-c02-auto-iql-success-bc-n32-policy-rollouts,
mulligan/sim-square-broad-r02-auto-iql-success-bc-n32-divl,seed-5,25eef3c5a5ab1ca755b964cf76c9cc65f0bf424a,release-1,sim,sim-square-broad,r02,divl-agent,auto-iql-success-bc-n32,5,square_broad_r2_auto_iql_success_bc_n32,250001,,,mulligan/sim-square-broad-c00-teleop-baseline;mulligan/sim-square-broad-c01-auto-iql-n32-policy-rollouts;mulligan/sim-square-broad-c02-auto-iql-success-bc-n32-policy-rollouts,
mulligan/sim-square-broad-r02-auto-iql-success-bc-n32-idql,seed-1,7609e5da13f3781d903495c9b8f3a90a7719f0f5,release-1,sim,sim-square-broad,r02,idql-agent,auto-iql-success-bc-n32,1,square_broad_r2_auto_iql_success_bc_n32,250001,,,mulligan/sim-square-broad-c00-teleop-baseline;mulligan/sim-square-broad-c01-auto-iql-n32-policy-rollouts;mulligan/sim-square-broad-c02-auto-iql-success-bc-n32-policy-rollouts,
mulligan/sim-square-broad-r02-auto-iql-success-bc-n32-idql,seed-2,7609e5da13f3781d903495c9b8f3a90a7719f0f5,release-1,sim,sim-square-broad,r02,idql-agent,auto-iql-success-bc-n32,2,square_broad_r2_auto_iql_success_bc_n32,250001,,,mulligan/sim-square-broad-c00-teleop-baseline;mulligan/sim-square-broad-c01-auto-iql-n32-policy-rollouts;mulligan/sim-square-broad-c02-auto-iql-success-bc-n32-policy-rollouts,
mulligan/sim-square-broad-r02-auto-iql-success-bc-n32-idql,seed-3,7609e5da13f3781d903495c9b8f3a90a7719f0f5,release-1,sim,sim-square-broad,r02,idql-agent,auto-iql-success-bc-n32,3,square_broad_r2_auto_iql_success_bc_n32,250001,,,mulligan/sim-square-broad-c00-teleop-baseline;mulligan/sim-square-broad-c01-auto-iql-n32-policy-rollouts;mulligan/sim-square-broad-c02-auto-iql-success-bc-n32-policy-rollouts,
mulligan/sim-square-broad-r02-auto-iql-success-bc-n32-idql,seed-4,7609e5da13f3781d903495c9b8f3a90a7719f0f5,release-1,sim,sim-square-broad,r02,idql-agent,auto-iql-success-bc-n32,4,square_broad_r2_auto_iql_success_bc_n32,250001,,,mulligan/sim-square-broad-c00-teleop-baseline;mulligan/sim-square-broad-c01-auto-iql-n32-policy-rollouts;mulligan/sim-square-broad-c02-auto-iql-success-bc-n32-policy-rollouts,
mulligan/sim-square-broad-r02-auto-iql-success-bc-n32-idql,seed-5,7609e5da13f3781d903495c9b8f3a90a7719f0f5,release-1,sim,sim-square-broad,r02,idql-agent,auto-iql-success-bc-n32,5,square_broad_r2_auto_iql_success_bc_n32,250001,,,mulligan/sim-square-broad-c00-teleop-baseline;mulligan/sim-square-broad-c01-auto-iql-n32-policy-rollouts;mulligan/sim-square-broad-c02-auto-iql-success-bc-n32-policy-rollouts,
mulligan/sim-square-broad-r02-auto-plain-il-n1-idql,seed-1,2e480ba13b14ecf78db0ab0c54b7a0b49420e008,release-1,sim,sim-square-broad,r02,idql-agent,auto-plain-il-n1,1,,250001,,,mulligan/sim-square-broad-c00-teleop-baseline;mulligan/sim-square-broad-c01-auto-bc-n1-shared-policy-rollouts;mulligan/sim-square-broad-c02-auto-plain-il-n1-policy-rollouts,
mulligan/sim-square-broad-r02-auto-plain-il-n1-idql,seed-2,2e480ba13b14ecf78db0ab0c54b7a0b49420e008,release-1,sim,sim-square-broad,r02,idql-agent,auto-plain-il-n1,2,,250001,,,mulligan/sim-square-broad-c00-teleop-baseline;mulligan/sim-square-broad-c01-auto-bc-n1-shared-policy-rollouts;mulligan/sim-square-broad-c02-auto-plain-il-n1-policy-rollouts,
mulligan/sim-square-broad-r02-auto-plain-il-n1-idql,seed-3,2e480ba13b14ecf78db0ab0c54b7a0b49420e008,release-1,sim,sim-square-broad,r02,idql-agent,auto-plain-il-n1,3,,250001,,,mulligan/sim-square-broad-c00-teleop-baseline;mulligan/sim-square-broad-c01-auto-bc-n1-shared-policy-rollouts;mulligan/sim-square-broad-c02-auto-plain-il-n1-policy-rollouts,
mulligan/sim-square-broad-r02-auto-plain-il-n1-idql,seed-4,2e480ba13b14ecf78db0ab0c54b7a0b49420e008,release-1,sim,sim-square-broad,r02,idql-agent,auto-plain-il-n1,4,,250001,,,mulligan/sim-square-broad-c00-teleop-baseline;mulligan/sim-square-broad-c01-auto-bc-n1-shared-policy-rollouts;mulligan/sim-square-broad-c02-auto-plain-il-n1-policy-rollouts,
mulligan/sim-square-broad-r02-auto-plain-il-n1-idql,seed-5,2e480ba13b14ecf78db0ab0c54b7a0b49420e008,release-1,sim,sim-square-broad,r02,idql-agent,auto-plain-il-n1,5,,250001,,,mulligan/sim-square-broad-c00-teleop-baseline;mulligan/sim-square-broad-c01-auto-bc-n1-shared-policy-rollouts;mulligan/sim-square-broad-c02-auto-plain-il-n1-policy-rollouts,
mulligan/sim-square-broad-r02-baseline-divl,seed-1,2422e5c7025c1eab3091fae36fcde41661e48494,release-1,sim,sim-square-broad,r02,divl-agent,baseline,1,square_broad_r2_baseline_uniform_no_cf_human_only,250001,,,mulligan/sim-square-broad-c00-teleop-baseline;mulligan/sim-square-broad-c01-baseline-policy-rollouts;mulligan/sim-square-broad-c01-dagger-baseline;mulligan/sim-square-broad-c02-baseline-policy-rollouts;mulligan/sim-square-broad-c02-dagger-baseline,
mulligan/sim-square-broad-r02-baseline-divl,seed-2,2422e5c7025c1eab3091fae36fcde41661e48494,release-1,sim,sim-square-broad,r02,divl-agent,baseline,2,square_broad_r2_baseline_uniform_no_cf_human_only,250001,,,mulligan/sim-square-broad-c00-teleop-baseline;mulligan/sim-square-broad-c01-baseline-policy-rollouts;mulligan/sim-square-broad-c01-dagger-baseline;mulligan/sim-square-broad-c02-baseline-policy-rollouts;mulligan/sim-square-broad-c02-dagger-baseline,
mulligan/sim-square-broad-r02-baseline-divl,seed-3,2422e5c7025c1eab3091fae36fcde41661e48494,release-1,sim,sim-square-broad,r02,divl-agent,baseline,3,square_broad_r2_baseline_uniform_no_cf_human_only,250001,,,mulligan/sim-square-broad-c00-teleop-baseline;mulligan/sim-square-broad-c01-baseline-policy-rollouts;mulligan/sim-square-broad-c01-dagger-baseline;mulligan/sim-square-broad-c02-baseline-policy-rollouts;mulligan/sim-square-broad-c02-dagger-baseline,
mulligan/sim-square-broad-r02-baseline-divl,seed-4,2422e5c7025c1eab3091fae36fcde41661e48494,release-1,sim,sim-square-broad,r02,divl-agent,baseline,4,square_broad_r2_baseline_uniform_no_cf_human_only,250001,,,mulligan/sim-square-broad-c00-teleop-baseline;mulligan/sim-square-broad-c01-baseline-policy-rollouts;mulligan/sim-square-broad-c01-dagger-baseline;mulligan/sim-square-broad-c02-baseline-policy-rollouts;mulligan/sim-square-broad-c02-dagger-baseline,
mulligan/sim-square-broad-r02-baseline-divl,seed-5,2422e5c7025c1eab3091fae36fcde41661e48494,release-1,sim,sim-square-broad,r02,divl-agent,baseline,5,square_broad_r2_baseline_uniform_no_cf_human_only,250001,,,mulligan/sim-square-broad-c00-teleop-baseline;mulligan/sim-square-broad-c01-baseline-policy-rollouts;mulligan/sim-square-broad-c01-dagger-baseline;mulligan/sim-square-broad-c02-baseline-policy-rollouts;mulligan/sim-square-broad-c02-dagger-baseline,
mulligan/sim-square-broad-r02-baseline-idql,seed-1,e8ba416bf93b05bb6a6cbdc812784f9fa83274a8,release-1,sim,sim-square-broad,r02,idql-agent,baseline,1,square_broad_r2_baseline_uniform_no_cf_human_only,250001,,,mulligan/sim-square-broad-c00-teleop-baseline;mulligan/sim-square-broad-c01-baseline-policy-rollouts;mulligan/sim-square-broad-c01-dagger-baseline;mulligan/sim-square-broad-c02-baseline-policy-rollouts;mulligan/sim-square-broad-c02-dagger-baseline,
mulligan/sim-square-broad-r02-baseline-idql,seed-2,e8ba416bf93b05bb6a6cbdc812784f9fa83274a8,release-1,sim,sim-square-broad,r02,idql-agent,baseline,2,square_broad_r2_baseline_uniform_no_cf_human_only,250001,,,mulligan/sim-square-broad-c00-teleop-baseline;mulligan/sim-square-broad-c01-baseline-policy-rollouts;mulligan/sim-square-broad-c01-dagger-baseline;mulligan/sim-square-broad-c02-baseline-policy-rollouts;mulligan/sim-square-broad-c02-dagger-baseline,
mulligan/sim-square-broad-r02-baseline-idql,seed-3,e8ba416bf93b05bb6a6cbdc812784f9fa83274a8,release-1,sim,sim-square-broad,r02,idql-agent,baseline,3,square_broad_r2_baseline_uniform_no_cf_human_only,250001,,,mulligan/sim-square-broad-c00-teleop-baseline;mulligan/sim-square-broad-c01-baseline-policy-rollouts;mulligan/sim-square-broad-c01-dagger-baseline;mulligan/sim-square-broad-c02-baseline-policy-rollouts;mulligan/sim-square-broad-c02-dagger-baseline,
mulligan/sim-square-broad-r02-baseline-idql,seed-4,e8ba416bf93b05bb6a6cbdc812784f9fa83274a8,release-1,sim,sim-square-broad,r02,idql-agent,baseline,4,square_broad_r2_baseline_uniform_no_cf_human_only,250001,,,mulligan/sim-square-broad-c00-teleop-baseline;mulligan/sim-square-broad-c01-baseline-policy-rollouts;mulligan/sim-square-broad-c01-dagger-baseline;mulligan/sim-square-broad-c02-baseline-policy-rollouts;mulligan/sim-square-broad-c02-dagger-baseline,
mulligan/sim-square-broad-r02-baseline-idql,seed-5,e8ba416bf93b05bb6a6cbdc812784f9fa83274a8,release-1,sim,sim-square-broad,r02,idql-agent,baseline,5,square_broad_r2_baseline_uniform_no_cf_human_only,250001,,,mulligan/sim-square-broad-c00-teleop-baseline;mulligan/sim-square-broad-c01-baseline-policy-rollouts;mulligan/sim-square-broad-c01-dagger-baseline;mulligan/sim-square-broad-c02-baseline-policy-rollouts;mulligan/sim-square-broad-c02-dagger-baseline,
mulligan/sim-square-broad-r02-mulligan-divl,seed-1,3139b35096c1dceb9356567f68f86ae3fe1749ae,release-1,sim,sim-square-broad,r02,divl-agent,mulligan,1,square_broad_r2_mulligan_with_cf_human_only,250001,,,mulligan/sim-square-broad-c00-teleop-sobol;mulligan/sim-square-broad-c01-dagger-mulligan;mulligan/sim-square-broad-c01-sobol-policy-rollouts;mulligan/sim-square-broad-c02-dagger-mulligan;mulligan/sim-square-broad-c02-mulligan-policy-rollouts,
mulligan/sim-square-broad-r02-mulligan-divl,seed-2,3139b35096c1dceb9356567f68f86ae3fe1749ae,release-1,sim,sim-square-broad,r02,divl-agent,mulligan,2,square_broad_r2_mulligan_with_cf_human_only,250001,,,mulligan/sim-square-broad-c00-teleop-sobol;mulligan/sim-square-broad-c01-dagger-mulligan;mulligan/sim-square-broad-c01-sobol-policy-rollouts;mulligan/sim-square-broad-c02-dagger-mulligan;mulligan/sim-square-broad-c02-mulligan-policy-rollouts,
mulligan/sim-square-broad-r02-mulligan-divl,seed-3,3139b35096c1dceb9356567f68f86ae3fe1749ae,release-1,sim,sim-square-broad,r02,divl-agent,mulligan,3,square_broad_r2_mulligan_with_cf_human_only,250001,,,mulligan/sim-square-broad-c00-teleop-sobol;mulligan/sim-square-broad-c01-dagger-mulligan;mulligan/sim-square-broad-c01-sobol-policy-rollouts;mulligan/sim-square-broad-c02-dagger-mulligan;mulligan/sim-square-broad-c02-mulligan-policy-rollouts,
mulligan/sim-square-broad-r02-mulligan-divl,seed-4,3139b35096c1dceb9356567f68f86ae3fe1749ae,release-1,sim,sim-square-broad,r02,divl-agent,mulligan,4,square_broad_r2_mulligan_with_cf_human_only,250001,,,mulligan/sim-square-broad-c00-teleop-sobol;mulligan/sim-square-broad-c01-dagger-mulligan;mulligan/sim-square-broad-c01-sobol-policy-rollouts;mulligan/sim-square-broad-c02-dagger-mulligan;mulligan/sim-square-broad-c02-mulligan-policy-rollouts,
mulligan/sim-square-broad-r02-mulligan-divl,seed-5,3139b35096c1dceb9356567f68f86ae3fe1749ae,release-1,sim,sim-square-broad,r02,divl-agent,mulligan,5,square_broad_r2_mulligan_with_cf_human_only,250001,,,mulligan/sim-square-broad-c00-teleop-sobol;mulligan/sim-square-broad-c01-dagger-mulligan;mulligan/sim-square-broad-c01-sobol-policy-rollouts;mulligan/sim-square-broad-c02-dagger-mulligan;mulligan/sim-square-broad-c02-mulligan-policy-rollouts,
mulligan/sim-square-broad-r02-mulligan-idql,seed-1,c7cc7113d922f2c4fc2223cb3b46713038931cc6,release-1,sim,sim-square-broad,r02,idql-agent,mulligan,1,square_broad_r2_mulligan_with_cf_human_only,250001,,,mulligan/sim-square-broad-c00-teleop-sobol;mulligan/sim-square-broad-c01-dagger-mulligan;mulligan/sim-square-broad-c01-sobol-policy-rollouts;mulligan/sim-square-broad-c02-dagger-mulligan;mulligan/sim-square-broad-c02-mulligan-policy-rollouts,
mulligan/sim-square-broad-r02-mulligan-idql,seed-2,c7cc7113d922f2c4fc2223cb3b46713038931cc6,release-1,sim,sim-square-broad,r02,idql-agent,mulligan,2,square_broad_r2_mulligan_with_cf_human_only,250001,,,mulligan/sim-square-broad-c00-teleop-sobol;mulligan/sim-square-broad-c01-dagger-mulligan;mulligan/sim-square-broad-c01-sobol-policy-rollouts;mulligan/sim-square-broad-c02-dagger-mulligan;mulligan/sim-square-broad-c02-mulligan-policy-rollouts,
mulligan/sim-square-broad-r02-mulligan-idql,seed-3,c7cc7113d922f2c4fc2223cb3b46713038931cc6,release-1,sim,sim-square-broad,r02,idql-agent,mulligan,3,square_broad_r2_mulligan_with_cf_human_only,250001,,,mulligan/sim-square-broad-c00-teleop-sobol;mulligan/sim-square-broad-c01-dagger-mulligan;mulligan/sim-square-broad-c01-sobol-policy-rollouts;mulligan/sim-square-broad-c02-dagger-mulligan;mulligan/sim-square-broad-c02-mulligan-policy-rollouts,
mulligan/sim-square-broad-r02-mulligan-idql,seed-4,c7cc7113d922f2c4fc2223cb3b46713038931cc6,release-1,sim,sim-square-broad,r02,idql-agent,mulligan,4,square_broad_r2_mulligan_with_cf_human_only,250001,,,mulligan/sim-square-broad-c00-teleop-sobol;mulligan/sim-square-broad-c01-dagger-mulligan;mulligan/sim-square-broad-c01-sobol-policy-rollouts;mulligan/sim-square-broad-c02-dagger-mulligan;mulligan/sim-square-broad-c02-mulligan-policy-rollouts,
mulligan/sim-square-broad-r02-mulligan-idql,seed-5,c7cc7113d922f2c4fc2223cb3b46713038931cc6,release-1,sim,sim-square-broad,r02,idql-agent,mulligan,5,square_broad_r2_mulligan_with_cf_human_only,250001,,,mulligan/sim-square-broad-c00-teleop-sobol;mulligan/sim-square-broad-c01-dagger-mulligan;mulligan/sim-square-broad-c01-sobol-policy-rollouts;mulligan/sim-square-broad-c02-dagger-mulligan;mulligan/sim-square-broad-c02-mulligan-policy-rollouts,
mulligan/sim-square-broad-r02-mulligan-no-cf-divl,seed-1,f06a647aadc8a94376a62dbd63b4661e50eed176,release-1,sim,sim-square-broad,r02,divl-agent,mulligan-no-cf,1,square_broad_r2_mulligan_no_cf_human_only,250001,,,mulligan/sim-square-broad-c00-teleop-sobol;mulligan/sim-square-broad-c01-dagger-mulligan-no-cf;mulligan/sim-square-broad-c01-sobol-policy-rollouts;mulligan/sim-square-broad-c02-dagger-mulligan-no-cf;mulligan/sim-square-broad-c02-mulligan-policy-rollouts,
mulligan/sim-square-broad-r02-mulligan-no-cf-divl,seed-2,f06a647aadc8a94376a62dbd63b4661e50eed176,release-1,sim,sim-square-broad,r02,divl-agent,mulligan-no-cf,2,square_broad_r2_mulligan_no_cf_human_only,250001,,,mulligan/sim-square-broad-c00-teleop-sobol;mulligan/sim-square-broad-c01-dagger-mulligan-no-cf;mulligan/sim-square-broad-c01-sobol-policy-rollouts;mulligan/sim-square-broad-c02-dagger-mulligan-no-cf;mulligan/sim-square-broad-c02-mulligan-policy-rollouts,
mulligan/sim-square-broad-r02-mulligan-no-cf-divl,seed-3,f06a647aadc8a94376a62dbd63b4661e50eed176,release-1,sim,sim-square-broad,r02,divl-agent,mulligan-no-cf,3,square_broad_r2_mulligan_no_cf_human_only,250001,,,mulligan/sim-square-broad-c00-teleop-sobol;mulligan/sim-square-broad-c01-dagger-mulligan-no-cf;mulligan/sim-square-broad-c01-sobol-policy-rollouts;mulligan/sim-square-broad-c02-dagger-mulligan-no-cf;mulligan/sim-square-broad-c02-mulligan-policy-rollouts,
mulligan/sim-square-broad-r02-mulligan-no-cf-divl,seed-4,f06a647aadc8a94376a62dbd63b4661e50eed176,release-1,sim,sim-square-broad,r02,divl-agent,mulligan-no-cf,4,square_broad_r2_mulligan_no_cf_human_only,250001,,,mulligan/sim-square-broad-c00-teleop-sobol;mulligan/sim-square-broad-c01-dagger-mulligan-no-cf;mulligan/sim-square-broad-c01-sobol-policy-rollouts;mulligan/sim-square-broad-c02-dagger-mulligan-no-cf;mulligan/sim-square-broad-c02-mulligan-policy-rollouts,
mulligan/sim-square-broad-r02-mulligan-no-cf-divl,seed-5,f06a647aadc8a94376a62dbd63b4661e50eed176,release-1,sim,sim-square-broad,r02,divl-agent,mulligan-no-cf,5,square_broad_r2_mulligan_no_cf_human_only,250001,,,mulligan/sim-square-broad-c00-teleop-sobol;mulligan/sim-square-broad-c01-dagger-mulligan-no-cf;mulligan/sim-square-broad-c01-sobol-policy-rollouts;mulligan/sim-square-broad-c02-dagger-mulligan-no-cf;mulligan/sim-square-broad-c02-mulligan-policy-rollouts,
mulligan/sim-square-broad-r02-mulligan-no-cf-idql,seed-1,93a0d4606e146d4664c96b5634cf0b02b330cb37,release-1,sim,sim-square-broad,r02,idql-agent,mulligan-no-cf,1,square_broad_r2_mulligan_no_cf_human_only,250001,,,mulligan/sim-square-broad-c00-teleop-sobol;mulligan/sim-square-broad-c01-dagger-mulligan-no-cf;mulligan/sim-square-broad-c01-sobol-policy-rollouts;mulligan/sim-square-broad-c02-dagger-mulligan-no-cf;mulligan/sim-square-broad-c02-mulligan-policy-rollouts,
mulligan/sim-square-broad-r02-mulligan-no-cf-idql,seed-2,93a0d4606e146d4664c96b5634cf0b02b330cb37,release-1,sim,sim-square-broad,r02,idql-agent,mulligan-no-cf,2,square_broad_r2_mulligan_no_cf_human_only,250001,,,mulligan/sim-square-broad-c00-teleop-sobol;mulligan/sim-square-broad-c01-dagger-mulligan-no-cf;mulligan/sim-square-broad-c01-sobol-policy-rollouts;mulligan/sim-square-broad-c02-dagger-mulligan-no-cf;mulligan/sim-square-broad-c02-mulligan-policy-rollouts,
mulligan/sim-square-broad-r02-mulligan-no-cf-idql,seed-3,93a0d4606e146d4664c96b5634cf0b02b330cb37,release-1,sim,sim-square-broad,r02,idql-agent,mulligan-no-cf,3,square_broad_r2_mulligan_no_cf_human_only,250001,,,mulligan/sim-square-broad-c00-teleop-sobol;mulligan/sim-square-broad-c01-dagger-mulligan-no-cf;mulligan/sim-square-broad-c01-sobol-policy-rollouts;mulligan/sim-square-broad-c02-dagger-mulligan-no-cf;mulligan/sim-square-broad-c02-mulligan-policy-rollouts,
mulligan/sim-square-broad-r02-mulligan-no-cf-idql,seed-4,93a0d4606e146d4664c96b5634cf0b02b330cb37,release-1,sim,sim-square-broad,r02,idql-agent,mulligan-no-cf,4,square_broad_r2_mulligan_no_cf_human_only,250001,,,mulligan/sim-square-broad-c00-teleop-sobol;mulligan/sim-square-broad-c01-dagger-mulligan-no-cf;mulligan/sim-square-broad-c01-sobol-policy-rollouts;mulligan/sim-square-broad-c02-dagger-mulligan-no-cf;mulligan/sim-square-broad-c02-mulligan-policy-rollouts,
mulligan/sim-square-broad-r02-mulligan-no-cf-idql,seed-5,93a0d4606e146d4664c96b5634cf0b02b330cb37,release-1,sim,sim-square-broad,r02,idql-agent,mulligan-no-cf,5,square_broad_r2_mulligan_no_cf_human_only,250001,,,mulligan/sim-square-broad-c00-teleop-sobol;mulligan/sim-square-broad-c01-dagger-mulligan-no-cf;mulligan/sim-square-broad-c01-sobol-policy-rollouts;mulligan/sim-square-broad-c02-dagger-mulligan-no-cf;mulligan/sim-square-broad-c02-mulligan-policy-rollouts,
mulligan/sim-square-broad-r02-sobol-no-cf-divl,seed-1,1c1f8733d80b27fb1836728f8c2fa85a72a04e77,release-1,sim,sim-square-broad,r02,divl-agent,sobol-no-cf,1,square_broad_r2_sobol_no_cf_human_only,250001,,,mulligan/sim-square-broad-c00-teleop-sobol;mulligan/sim-square-broad-c01-dagger-sobol-no-cf;mulligan/sim-square-broad-c01-sobol-policy-rollouts;mulligan/sim-square-broad-c02-dagger-sobol-no-cf;mulligan/sim-square-broad-c02-mulligan-policy-rollouts,
mulligan/sim-square-broad-r02-sobol-no-cf-divl,seed-2,1c1f8733d80b27fb1836728f8c2fa85a72a04e77,release-1,sim,sim-square-broad,r02,divl-agent,sobol-no-cf,2,square_broad_r2_sobol_no_cf_human_only,250001,,,mulligan/sim-square-broad-c00-teleop-sobol;mulligan/sim-square-broad-c01-dagger-sobol-no-cf;mulligan/sim-square-broad-c01-sobol-policy-rollouts;mulligan/sim-square-broad-c02-dagger-sobol-no-cf;mulligan/sim-square-broad-c02-mulligan-policy-rollouts,
mulligan/sim-square-broad-r02-sobol-no-cf-divl,seed-3,1c1f8733d80b27fb1836728f8c2fa85a72a04e77,release-1,sim,sim-square-broad,r02,divl-agent,sobol-no-cf,3,square_broad_r2_sobol_no_cf_human_only,250001,,,mulligan/sim-square-broad-c00-teleop-sobol;mulligan/sim-square-broad-c01-dagger-sobol-no-cf;mulligan/sim-square-broad-c01-sobol-policy-rollouts;mulligan/sim-square-broad-c02-dagger-sobol-no-cf;mulligan/sim-square-broad-c02-mulligan-policy-rollouts,
mulligan/sim-square-broad-r02-sobol-no-cf-divl,seed-4,1c1f8733d80b27fb1836728f8c2fa85a72a04e77,release-1,sim,sim-square-broad,r02,divl-agent,sobol-no-cf,4,square_broad_r2_sobol_no_cf_human_only,250001,,,mulligan/sim-square-broad-c00-teleop-sobol;mulligan/sim-square-broad-c01-dagger-sobol-no-cf;mulligan/sim-square-broad-c01-sobol-policy-rollouts;mulligan/sim-square-broad-c02-dagger-sobol-no-cf;mulligan/sim-square-broad-c02-mulligan-policy-rollouts,
mulligan/sim-square-broad-r02-sobol-no-cf-divl,seed-5,1c1f8733d80b27fb1836728f8c2fa85a72a04e77,release-1,sim,sim-square-broad,r02,divl-agent,sobol-no-cf,5,square_broad_r2_sobol_no_cf_human_only,250001,,,mulligan/sim-square-broad-c00-teleop-sobol;mulligan/sim-square-broad-c01-dagger-sobol-no-cf;mulligan/sim-square-broad-c01-sobol-policy-rollouts;mulligan/sim-square-broad-c02-dagger-sobol-no-cf;mulligan/sim-square-broad-c02-mulligan-policy-rollouts,
mulligan/sim-square-broad-r02-sobol-no-cf-idql,seed-1,2c73d26b2eb2d31ad5fa99e6ac5c59acdf4b8a50,release-1,sim,sim-square-broad,r02,idql-agent,sobol-no-cf,1,square_broad_r2_sobol_no_cf_human_only,250001,,,mulligan/sim-square-broad-c00-teleop-sobol;mulligan/sim-square-broad-c01-dagger-sobol-no-cf;mulligan/sim-square-broad-c01-sobol-policy-rollouts;mulligan/sim-square-broad-c02-dagger-sobol-no-cf;mulligan/sim-square-broad-c02-mulligan-policy-rollouts,
mulligan/sim-square-broad-r02-sobol-no-cf-idql,seed-2,2c73d26b2eb2d31ad5fa99e6ac5c59acdf4b8a50,release-1,sim,sim-square-broad,r02,idql-agent,sobol-no-cf,2,square_broad_r2_sobol_no_cf_human_only,250001,,,mulligan/sim-square-broad-c00-teleop-sobol;mulligan/sim-square-broad-c01-dagger-sobol-no-cf;mulligan/sim-square-broad-c01-sobol-policy-rollouts;mulligan/sim-square-broad-c02-dagger-sobol-no-cf;mulligan/sim-square-broad-c02-mulligan-policy-rollouts,
mulligan/sim-square-broad-r02-sobol-no-cf-idql,seed-3,2c73d26b2eb2d31ad5fa99e6ac5c59acdf4b8a50,release-1,sim,sim-square-broad,r02,idql-agent,sobol-no-cf,3,square_broad_r2_sobol_no_cf_human_only,250001,,,mulligan/sim-square-broad-c00-teleop-sobol;mulligan/sim-square-broad-c01-dagger-sobol-no-cf;mulligan/sim-square-broad-c01-sobol-policy-rollouts;mulligan/sim-square-broad-c02-dagger-sobol-no-cf;mulligan/sim-square-broad-c02-mulligan-policy-rollouts,
mulligan/sim-square-broad-r02-sobol-no-cf-idql,seed-4,2c73d26b2eb2d31ad5fa99e6ac5c59acdf4b8a50,release-1,sim,sim-square-broad,r02,idql-agent,sobol-no-cf,4,square_broad_r2_sobol_no_cf_human_only,250001,,,mulligan/sim-square-broad-c00-teleop-sobol;mulligan/sim-square-broad-c01-dagger-sobol-no-cf;mulligan/sim-square-broad-c01-sobol-policy-rollouts;mulligan/sim-square-broad-c02-dagger-sobol-no-cf;mulligan/sim-square-broad-c02-mulligan-policy-rollouts,
mulligan/sim-square-broad-r02-sobol-no-cf-idql,seed-5,2c73d26b2eb2d31ad5fa99e6ac5c59acdf4b8a50,release-1,sim,sim-square-broad,r02,idql-agent,sobol-no-cf,5,square_broad_r2_sobol_no_cf_human_only,250001,,,mulligan/sim-square-broad-c00-teleop-sobol;mulligan/sim-square-broad-c01-dagger-sobol-no-cf;mulligan/sim-square-broad-c01-sobol-policy-rollouts;mulligan/sim-square-broad-c02-dagger-sobol-no-cf;mulligan/sim-square-broad-c02-mulligan-policy-rollouts,
mulligan/sim-square-broad-r02-sobol-with-cf-divl,seed-1,3dea5655007ddc739a7923a4eb421a44ae6d597b,release-1,sim,sim-square-broad,r02,divl-agent,sobol-with-cf,1,square_broad_r2_sobol_with_cf_human_only,250001,,,mulligan/sim-square-broad-c00-teleop-sobol;mulligan/sim-square-broad-c01-dagger-sobol-with-cf;mulligan/sim-square-broad-c01-sobol-policy-rollouts;mulligan/sim-square-broad-c02-dagger-sobol-with-cf;mulligan/sim-square-broad-c02-mulligan-policy-rollouts,
mulligan/sim-square-broad-r02-sobol-with-cf-divl,seed-2,3dea5655007ddc739a7923a4eb421a44ae6d597b,release-1,sim,sim-square-broad,r02,divl-agent,sobol-with-cf,2,square_broad_r2_sobol_with_cf_human_only,250001,,,mulligan/sim-square-broad-c00-teleop-sobol;mulligan/sim-square-broad-c01-dagger-sobol-with-cf;mulligan/sim-square-broad-c01-sobol-policy-rollouts;mulligan/sim-square-broad-c02-dagger-sobol-with-cf;mulligan/sim-square-broad-c02-mulligan-policy-rollouts,
mulligan/sim-square-broad-r02-sobol-with-cf-divl,seed-3,3dea5655007ddc739a7923a4eb421a44ae6d597b,release-1,sim,sim-square-broad,r02,divl-agent,sobol-with-cf,3,square_broad_r2_sobol_with_cf_human_only,250001,,,mulligan/sim-square-broad-c00-teleop-sobol;mulligan/sim-square-broad-c01-dagger-sobol-with-cf;mulligan/sim-square-broad-c01-sobol-policy-rollouts;mulligan/sim-square-broad-c02-dagger-sobol-with-cf;mulligan/sim-square-broad-c02-mulligan-policy-rollouts,
mulligan/sim-square-broad-r02-sobol-with-cf-divl,seed-4,3dea5655007ddc739a7923a4eb421a44ae6d597b,release-1,sim,sim-square-broad,r02,divl-agent,sobol-with-cf,4,square_broad_r2_sobol_with_cf_human_only,250001,,,mulligan/sim-square-broad-c00-teleop-sobol;mulligan/sim-square-broad-c01-dagger-sobol-with-cf;mulligan/sim-square-broad-c01-sobol-policy-rollouts;mulligan/sim-square-broad-c02-dagger-sobol-with-cf;mulligan/sim-square-broad-c02-mulligan-policy-rollouts,
mulligan/sim-square-broad-r02-sobol-with-cf-divl,seed-5,3dea5655007ddc739a7923a4eb421a44ae6d597b,release-1,sim,sim-square-broad,r02,divl-agent,sobol-with-cf,5,square_broad_r2_sobol_with_cf_human_only,250001,,,mulligan/sim-square-broad-c00-teleop-sobol;mulligan/sim-square-broad-c01-dagger-sobol-with-cf;mulligan/sim-square-broad-c01-sobol-policy-rollouts;mulligan/sim-square-broad-c02-dagger-sobol-with-cf;mulligan/sim-square-broad-c02-mulligan-policy-rollouts,
mulligan/sim-square-broad-r02-sobol-with-cf-idql,seed-1,15800ce819972d6befb4fca73712328d6bcfd3ec,release-1,sim,sim-square-broad,r02,idql-agent,sobol-with-cf,1,square_broad_r2_sobol_with_cf_human_only,250001,,,mulligan/sim-square-broad-c00-teleop-sobol;mulligan/sim-square-broad-c01-dagger-sobol-with-cf;mulligan/sim-square-broad-c01-sobol-policy-rollouts;mulligan/sim-square-broad-c02-dagger-sobol-with-cf;mulligan/sim-square-broad-c02-mulligan-policy-rollouts,
mulligan/sim-square-broad-r02-sobol-with-cf-idql,seed-2,15800ce819972d6befb4fca73712328d6bcfd3ec,release-1,sim,sim-square-broad,r02,idql-agent,sobol-with-cf,2,square_broad_r2_sobol_with_cf_human_only,250001,,,mulligan/sim-square-broad-c00-teleop-sobol;mulligan/sim-square-broad-c01-dagger-sobol-with-cf;mulligan/sim-square-broad-c01-sobol-policy-rollouts;mulligan/sim-square-broad-c02-dagger-sobol-with-cf;mulligan/sim-square-broad-c02-mulligan-policy-rollouts,
mulligan/sim-square-broad-r02-sobol-with-cf-idql,seed-3,15800ce819972d6befb4fca73712328d6bcfd3ec,release-1,sim,sim-square-broad,r02,idql-agent,sobol-with-cf,3,square_broad_r2_sobol_with_cf_human_only,250001,,,mulligan/sim-square-broad-c00-teleop-sobol;mulligan/sim-square-broad-c01-dagger-sobol-with-cf;mulligan/sim-square-broad-c01-sobol-policy-rollouts;mulligan/sim-square-broad-c02-dagger-sobol-with-cf;mulligan/sim-square-broad-c02-mulligan-policy-rollouts,
mulligan/sim-square-broad-r02-sobol-with-cf-idql,seed-4,15800ce819972d6befb4fca73712328d6bcfd3ec,release-1,sim,sim-square-broad,r02,idql-agent,sobol-with-cf,4,square_broad_r2_sobol_with_cf_human_only,250001,,,mulligan/sim-square-broad-c00-teleop-sobol;mulligan/sim-square-broad-c01-dagger-sobol-with-cf;mulligan/sim-square-broad-c01-sobol-policy-rollouts;mulligan/sim-square-broad-c02-dagger-sobol-with-cf;mulligan/sim-square-broad-c02-mulligan-policy-rollouts,
mulligan/sim-square-broad-r02-sobol-with-cf-idql,seed-5,15800ce819972d6befb4fca73712328d6bcfd3ec,release-1,sim,sim-square-broad,r02,idql-agent,sobol-with-cf,5,square_broad_r2_sobol_with_cf_human_only,250001,,,mulligan/sim-square-broad-c00-teleop-sobol;mulligan/sim-square-broad-c01-dagger-sobol-with-cf;mulligan/sim-square-broad-c01-sobol-policy-rollouts;mulligan/sim-square-broad-c02-dagger-sobol-with-cf;mulligan/sim-square-broad-c02-mulligan-policy-rollouts,
mulligan/sim-square-broad-r03-auto-filtered-bc-n1-idql,seed-1,9829d451bd04c62d2216532ccca517d4180d625e,release-1,sim,sim-square-broad,r03,idql-agent,auto-filtered-bc-n1,1,,250001,,,mulligan/sim-square-broad-c00-teleop-baseline;mulligan/sim-square-broad-c01-auto-bc-n1-shared-policy-rollouts;mulligan/sim-square-broad-c02-auto-filtered-bc-n1-policy-rollouts;mulligan/sim-square-broad-c03-auto-filtered-bc-n1-policy-rollouts,
mulligan/sim-square-broad-r03-auto-filtered-bc-n1-idql,seed-2,9829d451bd04c62d2216532ccca517d4180d625e,release-1,sim,sim-square-broad,r03,idql-agent,auto-filtered-bc-n1,2,,250001,,,mulligan/sim-square-broad-c00-teleop-baseline;mulligan/sim-square-broad-c01-auto-bc-n1-shared-policy-rollouts;mulligan/sim-square-broad-c02-auto-filtered-bc-n1-policy-rollouts;mulligan/sim-square-broad-c03-auto-filtered-bc-n1-policy-rollouts,
mulligan/sim-square-broad-r03-auto-filtered-bc-n1-idql,seed-3,9829d451bd04c62d2216532ccca517d4180d625e,release-1,sim,sim-square-broad,r03,idql-agent,auto-filtered-bc-n1,3,,250001,,,mulligan/sim-square-broad-c00-teleop-baseline;mulligan/sim-square-broad-c01-auto-bc-n1-shared-policy-rollouts;mulligan/sim-square-broad-c02-auto-filtered-bc-n1-policy-rollouts;mulligan/sim-square-broad-c03-auto-filtered-bc-n1-policy-rollouts,
mulligan/sim-square-broad-r03-auto-filtered-bc-n1-idql,seed-4,9829d451bd04c62d2216532ccca517d4180d625e,release-1,sim,sim-square-broad,r03,idql-agent,auto-filtered-bc-n1,4,,250001,,,mulligan/sim-square-broad-c00-teleop-baseline;mulligan/sim-square-broad-c01-auto-bc-n1-shared-policy-rollouts;mulligan/sim-square-broad-c02-auto-filtered-bc-n1-policy-rollouts;mulligan/sim-square-broad-c03-auto-filtered-bc-n1-policy-rollouts,
mulligan/sim-square-broad-r03-auto-filtered-bc-n1-idql,seed-5,9829d451bd04c62d2216532ccca517d4180d625e,release-1,sim,sim-square-broad,r03,idql-agent,auto-filtered-bc-n1,5,,250001,,,mulligan/sim-square-broad-c00-teleop-baseline;mulligan/sim-square-broad-c01-auto-bc-n1-shared-policy-rollouts;mulligan/sim-square-broad-c02-auto-filtered-bc-n1-policy-rollouts;mulligan/sim-square-broad-c03-auto-filtered-bc-n1-policy-rollouts,
mulligan/sim-square-broad-r03-auto-iql-n32-divl,seed-1,4bcd1922e3fce06190019f8354fa01b20c317042,release-1,sim,sim-square-broad,r03,divl-agent,auto-iql-n32,1,square_broad_r3_auto_iql_n32,250001,,,mulligan/sim-square-broad-c00-teleop-baseline;mulligan/sim-square-broad-c01-auto-iql-n32-policy-rollouts;mulligan/sim-square-broad-c02-auto-iql-n32-policy-rollouts;mulligan/sim-square-broad-c03-auto-iql-n32-policy-rollouts,
mulligan/sim-square-broad-r03-auto-iql-n32-divl,seed-2,4bcd1922e3fce06190019f8354fa01b20c317042,release-1,sim,sim-square-broad,r03,divl-agent,auto-iql-n32,2,square_broad_r3_auto_iql_n32,250001,,,mulligan/sim-square-broad-c00-teleop-baseline;mulligan/sim-square-broad-c01-auto-iql-n32-policy-rollouts;mulligan/sim-square-broad-c02-auto-iql-n32-policy-rollouts;mulligan/sim-square-broad-c03-auto-iql-n32-policy-rollouts,
mulligan/sim-square-broad-r03-auto-iql-n32-divl,seed-3,4bcd1922e3fce06190019f8354fa01b20c317042,release-1,sim,sim-square-broad,r03,divl-agent,auto-iql-n32,3,square_broad_r3_auto_iql_n32,250001,,,mulligan/sim-square-broad-c00-teleop-baseline;mulligan/sim-square-broad-c01-auto-iql-n32-policy-rollouts;mulligan/sim-square-broad-c02-auto-iql-n32-policy-rollouts;mulligan/sim-square-broad-c03-auto-iql-n32-policy-rollouts,
mulligan/sim-square-broad-r03-auto-iql-n32-divl,seed-4,4bcd1922e3fce06190019f8354fa01b20c317042,release-1,sim,sim-square-broad,r03,divl-agent,auto-iql-n32,4,square_broad_r3_auto_iql_n32,250001,,,mulligan/sim-square-broad-c00-teleop-baseline;mulligan/sim-square-broad-c01-auto-iql-n32-policy-rollouts;mulligan/sim-square-broad-c02-auto-iql-n32-policy-rollouts;mulligan/sim-square-broad-c03-auto-iql-n32-policy-rollouts,
mulligan/sim-square-broad-r03-auto-iql-n32-divl,seed-5,4bcd1922e3fce06190019f8354fa01b20c317042,release-1,sim,sim-square-broad,r03,divl-agent,auto-iql-n32,5,square_broad_r3_auto_iql_n32,250001,,,mulligan/sim-square-broad-c00-teleop-baseline;mulligan/sim-square-broad-c01-auto-iql-n32-policy-rollouts;mulligan/sim-square-broad-c02-auto-iql-n32-policy-rollouts;mulligan/sim-square-broad-c03-auto-iql-n32-policy-rollouts,
mulligan/sim-square-broad-r03-auto-iql-n32-idql,seed-1,e511263b67f376b37790bc7c2f03923384ec8d46,release-1,sim,sim-square-broad,r03,idql-agent,auto-iql-n32,1,square_broad_r3_auto_iql_n32,250001,,,mulligan/sim-square-broad-c00-teleop-baseline;mulligan/sim-square-broad-c01-auto-iql-n32-policy-rollouts;mulligan/sim-square-broad-c02-auto-iql-n32-policy-rollouts;mulligan/sim-square-broad-c03-auto-iql-n32-policy-rollouts,
mulligan/sim-square-broad-r03-auto-iql-n32-idql,seed-2,e511263b67f376b37790bc7c2f03923384ec8d46,release-1,sim,sim-square-broad,r03,idql-agent,auto-iql-n32,2,square_broad_r3_auto_iql_n32,250001,,,mulligan/sim-square-broad-c00-teleop-baseline;mulligan/sim-square-broad-c01-auto-iql-n32-policy-rollouts;mulligan/sim-square-broad-c02-auto-iql-n32-policy-rollouts;mulligan/sim-square-broad-c03-auto-iql-n32-policy-rollouts,
mulligan/sim-square-broad-r03-auto-iql-n32-idql,seed-3,e511263b67f376b37790bc7c2f03923384ec8d46,release-1,sim,sim-square-broad,r03,idql-agent,auto-iql-n32,3,square_broad_r3_auto_iql_n32,250001,,,mulligan/sim-square-broad-c00-teleop-baseline;mulligan/sim-square-broad-c01-auto-iql-n32-policy-rollouts;mulligan/sim-square-broad-c02-auto-iql-n32-policy-rollouts;mulligan/sim-square-broad-c03-auto-iql-n32-policy-rollouts,
mulligan/sim-square-broad-r03-auto-iql-n32-idql,seed-4,e511263b67f376b37790bc7c2f03923384ec8d46,release-1,sim,sim-square-broad,r03,idql-agent,auto-iql-n32,4,square_broad_r3_auto_iql_n32,250001,,,mulligan/sim-square-broad-c00-teleop-baseline;mulligan/sim-square-broad-c01-auto-iql-n32-policy-rollouts;mulligan/sim-square-broad-c02-auto-iql-n32-policy-rollouts;mulligan/sim-square-broad-c03-auto-iql-n32-policy-rollouts,
mulligan/sim-square-broad-r03-auto-iql-n32-idql,seed-5,e511263b67f376b37790bc7c2f03923384ec8d46,release-1,sim,sim-square-broad,r03,idql-agent,auto-iql-n32,5,square_broad_r3_auto_iql_n32,250001,,,mulligan/sim-square-broad-c00-teleop-baseline;mulligan/sim-square-broad-c01-auto-iql-n32-policy-rollouts;mulligan/sim-square-broad-c02-auto-iql-n32-policy-rollouts;mulligan/sim-square-broad-c03-auto-iql-n32-policy-rollouts,
mulligan/sim-square-broad-r03-auto-iql-success-bc-n32-divl,seed-1,639698168aca007b640a1561041419b1e7a4d4d3,release-1,sim,sim-square-broad,r03,divl-agent,auto-iql-success-bc-n32,1,square_broad_r3_auto_iql_success_bc_n32,250001,,,mulligan/sim-square-broad-c00-teleop-baseline;mulligan/sim-square-broad-c01-auto-iql-n32-policy-rollouts;mulligan/sim-square-broad-c02-auto-iql-success-bc-n32-policy-rollouts;mulligan/sim-square-broad-c03-auto-iql-success-bc-n32-policy-rollouts,
mulligan/sim-square-broad-r03-auto-iql-success-bc-n32-divl,seed-2,639698168aca007b640a1561041419b1e7a4d4d3,release-1,sim,sim-square-broad,r03,divl-agent,auto-iql-success-bc-n32,2,square_broad_r3_auto_iql_success_bc_n32,250001,,,mulligan/sim-square-broad-c00-teleop-baseline;mulligan/sim-square-broad-c01-auto-iql-n32-policy-rollouts;mulligan/sim-square-broad-c02-auto-iql-success-bc-n32-policy-rollouts;mulligan/sim-square-broad-c03-auto-iql-success-bc-n32-policy-rollouts,
mulligan/sim-square-broad-r03-auto-iql-success-bc-n32-divl,seed-3,639698168aca007b640a1561041419b1e7a4d4d3,release-1,sim,sim-square-broad,r03,divl-agent,auto-iql-success-bc-n32,3,square_broad_r3_auto_iql_success_bc_n32,250001,,,mulligan/sim-square-broad-c00-teleop-baseline;mulligan/sim-square-broad-c01-auto-iql-n32-policy-rollouts;mulligan/sim-square-broad-c02-auto-iql-success-bc-n32-policy-rollouts;mulligan/sim-square-broad-c03-auto-iql-success-bc-n32-policy-rollouts,
mulligan/sim-square-broad-r03-auto-iql-success-bc-n32-divl,seed-4,639698168aca007b640a1561041419b1e7a4d4d3,release-1,sim,sim-square-broad,r03,divl-agent,auto-iql-success-bc-n32,4,square_broad_r3_auto_iql_success_bc_n32,250001,,,mulligan/sim-square-broad-c00-teleop-baseline;mulligan/sim-square-broad-c01-auto-iql-n32-policy-rollouts;mulligan/sim-square-broad-c02-auto-iql-success-bc-n32-policy-rollouts;mulligan/sim-square-broad-c03-auto-iql-success-bc-n32-policy-rollouts,
mulligan/sim-square-broad-r03-auto-iql-success-bc-n32-divl,seed-5,639698168aca007b640a1561041419b1e7a4d4d3,release-1,sim,sim-square-broad,r03,divl-agent,auto-iql-success-bc-n32,5,square_broad_r3_auto_iql_success_bc_n32,250001,,,mulligan/sim-square-broad-c00-teleop-baseline;mulligan/sim-square-broad-c01-auto-iql-n32-policy-rollouts;mulligan/sim-square-broad-c02-auto-iql-success-bc-n32-policy-rollouts;mulligan/sim-square-broad-c03-auto-iql-success-bc-n32-policy-rollouts,
mulligan/sim-square-broad-r03-auto-iql-success-bc-n32-idql,seed-1,f1db5d9fea84403894178ac53703b1b2ee6d4741,release-1,sim,sim-square-broad,r03,idql-agent,auto-iql-success-bc-n32,1,square_broad_r3_auto_iql_success_bc_n32,250001,,,mulligan/sim-square-broad-c00-teleop-baseline;mulligan/sim-square-broad-c01-auto-iql-n32-policy-rollouts;mulligan/sim-square-broad-c02-auto-iql-success-bc-n32-policy-rollouts;mulligan/sim-square-broad-c03-auto-iql-success-bc-n32-policy-rollouts,
mulligan/sim-square-broad-r03-auto-iql-success-bc-n32-idql,seed-2,f1db5d9fea84403894178ac53703b1b2ee6d4741,release-1,sim,sim-square-broad,r03,idql-agent,auto-iql-success-bc-n32,2,square_broad_r3_auto_iql_success_bc_n32,250001,,,mulligan/sim-square-broad-c00-teleop-baseline;mulligan/sim-square-broad-c01-auto-iql-n32-policy-rollouts;mulligan/sim-square-broad-c02-auto-iql-success-bc-n32-policy-rollouts;mulligan/sim-square-broad-c03-auto-iql-success-bc-n32-policy-rollouts,
mulligan/sim-square-broad-r03-auto-iql-success-bc-n32-idql,seed-3,f1db5d9fea84403894178ac53703b1b2ee6d4741,release-1,sim,sim-square-broad,r03,idql-agent,auto-iql-success-bc-n32,3,square_broad_r3_auto_iql_success_bc_n32,250001,,,mulligan/sim-square-broad-c00-teleop-baseline;mulligan/sim-square-broad-c01-auto-iql-n32-policy-rollouts;mulligan/sim-square-broad-c02-auto-iql-success-bc-n32-policy-rollouts;mulligan/sim-square-broad-c03-auto-iql-success-bc-n32-policy-rollouts,
mulligan/sim-square-broad-r03-auto-iql-success-bc-n32-idql,seed-4,f1db5d9fea84403894178ac53703b1b2ee6d4741,release-1,sim,sim-square-broad,r03,idql-agent,auto-iql-success-bc-n32,4,square_broad_r3_auto_iql_success_bc_n32,250001,,,mulligan/sim-square-broad-c00-teleop-baseline;mulligan/sim-square-broad-c01-auto-iql-n32-policy-rollouts;mulligan/sim-square-broad-c02-auto-iql-success-bc-n32-policy-rollouts;mulligan/sim-square-broad-c03-auto-iql-success-bc-n32-policy-rollouts,
mulligan/sim-square-broad-r03-auto-iql-success-bc-n32-idql,seed-5,f1db5d9fea84403894178ac53703b1b2ee6d4741,release-1,sim,sim-square-broad,r03,idql-agent,auto-iql-success-bc-n32,5,square_broad_r3_auto_iql_success_bc_n32,250001,,,mulligan/sim-square-broad-c00-teleop-baseline;mulligan/sim-square-broad-c01-auto-iql-n32-policy-rollouts;mulligan/sim-square-broad-c02-auto-iql-success-bc-n32-policy-rollouts;mulligan/sim-square-broad-c03-auto-iql-success-bc-n32-policy-rollouts,
mulligan/sim-square-broad-r03-auto-plain-il-n1-idql,seed-1,972e0c21deb90376af1f638dde9fef0f900b4c28,release-1,sim,sim-square-broad,r03,idql-agent,auto-plain-il-n1,1,,250001,,,mulligan/sim-square-broad-c00-teleop-baseline;mulligan/sim-square-broad-c01-auto-bc-n1-shared-policy-rollouts;mulligan/sim-square-broad-c02-auto-plain-il-n1-policy-rollouts;mulligan/sim-square-broad-c03-auto-plain-il-n1-policy-rollouts,
mulligan/sim-square-broad-r03-auto-plain-il-n1-idql,seed-2,972e0c21deb90376af1f638dde9fef0f900b4c28,release-1,sim,sim-square-broad,r03,idql-agent,auto-plain-il-n1,2,,250001,,,mulligan/sim-square-broad-c00-teleop-baseline;mulligan/sim-square-broad-c01-auto-bc-n1-shared-policy-rollouts;mulligan/sim-square-broad-c02-auto-plain-il-n1-policy-rollouts;mulligan/sim-square-broad-c03-auto-plain-il-n1-policy-rollouts,
mulligan/sim-square-broad-r03-auto-plain-il-n1-idql,seed-3,972e0c21deb90376af1f638dde9fef0f900b4c28,release-1,sim,sim-square-broad,r03,idql-agent,auto-plain-il-n1,3,,250001,,,mulligan/sim-square-broad-c00-teleop-baseline;mulligan/sim-square-broad-c01-auto-bc-n1-shared-policy-rollouts;mulligan/sim-square-broad-c02-auto-plain-il-n1-policy-rollouts;mulligan/sim-square-broad-c03-auto-plain-il-n1-policy-rollouts,
mulligan/sim-square-broad-r03-auto-plain-il-n1-idql,seed-4,972e0c21deb90376af1f638dde9fef0f900b4c28,release-1,sim,sim-square-broad,r03,idql-agent,auto-plain-il-n1,4,,250001,,,mulligan/sim-square-broad-c00-teleop-baseline;mulligan/sim-square-broad-c01-auto-bc-n1-shared-policy-rollouts;mulligan/sim-square-broad-c02-auto-plain-il-n1-policy-rollouts;mulligan/sim-square-broad-c03-auto-plain-il-n1-policy-rollouts,
mulligan/sim-square-broad-r03-auto-plain-il-n1-idql,seed-5,972e0c21deb90376af1f638dde9fef0f900b4c28,release-1,sim,sim-square-broad,r03,idql-agent,auto-plain-il-n1,5,,250001,,,mulligan/sim-square-broad-c00-teleop-baseline;mulligan/sim-square-broad-c01-auto-bc-n1-shared-policy-rollouts;mulligan/sim-square-broad-c02-auto-plain-il-n1-policy-rollouts;mulligan/sim-square-broad-c03-auto-plain-il-n1-policy-rollouts,
mulligan/sim-square-broad-r03-baseline-divl,seed-1,4b7e5008e7b9036eda81f31d4d4a23084877139e,release-1,sim,sim-square-broad,r03,divl-agent,baseline,1,square_broad_r3_baseline_uniform_no_cf_human_only,250001,,,mulligan/sim-square-broad-c00-teleop-baseline;mulligan/sim-square-broad-c01-baseline-policy-rollouts;mulligan/sim-square-broad-c01-dagger-baseline;mulligan/sim-square-broad-c02-baseline-policy-rollouts;mulligan/sim-square-broad-c02-dagger-baseline;mulligan/sim-square-broad-c03-baseline-policy-rollouts;mulligan/sim-square-broad-c03-dagger-baseline,
mulligan/sim-square-broad-r03-baseline-divl,seed-2,4b7e5008e7b9036eda81f31d4d4a23084877139e,release-1,sim,sim-square-broad,r03,divl-agent,baseline,2,square_broad_r3_baseline_uniform_no_cf_human_only,250001,,,mulligan/sim-square-broad-c00-teleop-baseline;mulligan/sim-square-broad-c01-baseline-policy-rollouts;mulligan/sim-square-broad-c01-dagger-baseline;mulligan/sim-square-broad-c02-baseline-policy-rollouts;mulligan/sim-square-broad-c02-dagger-baseline;mulligan/sim-square-broad-c03-baseline-policy-rollouts;mulligan/sim-square-broad-c03-dagger-baseline,
mulligan/sim-square-broad-r03-baseline-divl,seed-3,4b7e5008e7b9036eda81f31d4d4a23084877139e,release-1,sim,sim-square-broad,r03,divl-agent,baseline,3,square_broad_r3_baseline_uniform_no_cf_human_only,250001,,,mulligan/sim-square-broad-c00-teleop-baseline;mulligan/sim-square-broad-c01-baseline-policy-rollouts;mulligan/sim-square-broad-c01-dagger-baseline;mulligan/sim-square-broad-c02-baseline-policy-rollouts;mulligan/sim-square-broad-c02-dagger-baseline;mulligan/sim-square-broad-c03-baseline-policy-rollouts;mulligan/sim-square-broad-c03-dagger-baseline,
mulligan/sim-square-broad-r03-baseline-divl,seed-4,4b7e5008e7b9036eda81f31d4d4a23084877139e,release-1,sim,sim-square-broad,r03,divl-agent,baseline,4,square_broad_r3_baseline_uniform_no_cf_human_only,250001,,,mulligan/sim-square-broad-c00-teleop-baseline;mulligan/sim-square-broad-c01-baseline-policy-rollouts;mulligan/sim-square-broad-c01-dagger-baseline;mulligan/sim-square-broad-c02-baseline-policy-rollouts;mulligan/sim-square-broad-c02-dagger-baseline;mulligan/sim-square-broad-c03-baseline-policy-rollouts;mulligan/sim-square-broad-c03-dagger-baseline,
mulligan/sim-square-broad-r03-baseline-divl,seed-5,4b7e5008e7b9036eda81f31d4d4a23084877139e,release-1,sim,sim-square-broad,r03,divl-agent,baseline,5,square_broad_r3_baseline_uniform_no_cf_human_only,250001,,,mulligan/sim-square-broad-c00-teleop-baseline;mulligan/sim-square-broad-c01-baseline-policy-rollouts;mulligan/sim-square-broad-c01-dagger-baseline;mulligan/sim-square-broad-c02-baseline-policy-rollouts;mulligan/sim-square-broad-c02-dagger-baseline;mulligan/sim-square-broad-c03-baseline-policy-rollouts;mulligan/sim-square-broad-c03-dagger-baseline,
mulligan/sim-square-broad-r03-baseline-idql,seed-1,f884cd0cf9deb7d88f3f2bb7c6e84db2bbe09b29,release-1,sim,sim-square-broad,r03,idql-agent,baseline,1,square_broad_r3_baseline_uniform_no_cf_human_only,250001,,,mulligan/sim-square-broad-c00-teleop-baseline;mulligan/sim-square-broad-c01-baseline-policy-rollouts;mulligan/sim-square-broad-c01-dagger-baseline;mulligan/sim-square-broad-c02-baseline-policy-rollouts;mulligan/sim-square-broad-c02-dagger-baseline;mulligan/sim-square-broad-c03-baseline-policy-rollouts;mulligan/sim-square-broad-c03-dagger-baseline,
mulligan/sim-square-broad-r03-baseline-idql,seed-2,f884cd0cf9deb7d88f3f2bb7c6e84db2bbe09b29,release-1,sim,sim-square-broad,r03,idql-agent,baseline,2,square_broad_r3_baseline_uniform_no_cf_human_only,250001,,,mulligan/sim-square-broad-c00-teleop-baseline;mulligan/sim-square-broad-c01-baseline-policy-rollouts;mulligan/sim-square-broad-c01-dagger-baseline;mulligan/sim-square-broad-c02-baseline-policy-rollouts;mulligan/sim-square-broad-c02-dagger-baseline;mulligan/sim-square-broad-c03-baseline-policy-rollouts;mulligan/sim-square-broad-c03-dagger-baseline,
mulligan/sim-square-broad-r03-baseline-idql,seed-3,f884cd0cf9deb7d88f3f2bb7c6e84db2bbe09b29,release-1,sim,sim-square-broad,r03,idql-agent,baseline,3,square_broad_r3_baseline_uniform_no_cf_human_only,250001,,,mulligan/sim-square-broad-c00-teleop-baseline;mulligan/sim-square-broad-c01-baseline-policy-rollouts;mulligan/sim-square-broad-c01-dagger-baseline;mulligan/sim-square-broad-c02-baseline-policy-rollouts;mulligan/sim-square-broad-c02-dagger-baseline;mulligan/sim-square-broad-c03-baseline-policy-rollouts;mulligan/sim-square-broad-c03-dagger-baseline,
mulligan/sim-square-broad-r03-baseline-idql,seed-4,f884cd0cf9deb7d88f3f2bb7c6e84db2bbe09b29,release-1,sim,sim-square-broad,r03,idql-agent,baseline,4,square_broad_r3_baseline_uniform_no_cf_human_only,250001,,,mulligan/sim-square-broad-c00-teleop-baseline;mulligan/sim-square-broad-c01-baseline-policy-rollouts;mulligan/sim-square-broad-c01-dagger-baseline;mulligan/sim-square-broad-c02-baseline-policy-rollouts;mulligan/sim-square-broad-c02-dagger-baseline;mulligan/sim-square-broad-c03-baseline-policy-rollouts;mulligan/sim-square-broad-c03-dagger-baseline,
mulligan/sim-square-broad-r03-baseline-idql,seed-5,f884cd0cf9deb7d88f3f2bb7c6e84db2bbe09b29,release-1,sim,sim-square-broad,r03,idql-agent,baseline,5,square_broad_r3_baseline_uniform_no_cf_human_only,250001,,,mulligan/sim-square-broad-c00-teleop-baseline;mulligan/sim-square-broad-c01-baseline-policy-rollouts;mulligan/sim-square-broad-c01-dagger-baseline;mulligan/sim-square-broad-c02-baseline-policy-rollouts;mulligan/sim-square-broad-c02-dagger-baseline;mulligan/sim-square-broad-c03-baseline-policy-rollouts;mulligan/sim-square-broad-c03-dagger-baseline,
mulligan/sim-square-broad-r03-mulligan-divl,seed-1,68734f6307e2cf0e1e7f6a12ce09616deae4e2ae,release-1,sim,sim-square-broad,r03,divl-agent,mulligan,1,square_broad_r3_mulligan_with_cf_human_only,250001,,,mulligan/sim-square-broad-c00-teleop-sobol;mulligan/sim-square-broad-c01-dagger-mulligan;mulligan/sim-square-broad-c01-sobol-policy-rollouts;mulligan/sim-square-broad-c02-dagger-mulligan;mulligan/sim-square-broad-c02-mulligan-policy-rollouts;mulligan/sim-square-broad-c03-dagger-mulligan;mulligan/sim-square-broad-c03-mulligan-policy-rollouts,
mulligan/sim-square-broad-r03-mulligan-divl,seed-2,68734f6307e2cf0e1e7f6a12ce09616deae4e2ae,release-1,sim,sim-square-broad,r03,divl-agent,mulligan,2,square_broad_r3_mulligan_with_cf_human_only,250001,,,mulligan/sim-square-broad-c00-teleop-sobol;mulligan/sim-square-broad-c01-dagger-mulligan;mulligan/sim-square-broad-c01-sobol-policy-rollouts;mulligan/sim-square-broad-c02-dagger-mulligan;mulligan/sim-square-broad-c02-mulligan-policy-rollouts;mulligan/sim-square-broad-c03-dagger-mulligan;mulligan/sim-square-broad-c03-mulligan-policy-rollouts,
mulligan/sim-square-broad-r03-mulligan-divl,seed-3,68734f6307e2cf0e1e7f6a12ce09616deae4e2ae,release-1,sim,sim-square-broad,r03,divl-agent,mulligan,3,square_broad_r3_mulligan_with_cf_human_only,250001,,,mulligan/sim-square-broad-c00-teleop-sobol;mulligan/sim-square-broad-c01-dagger-mulligan;mulligan/sim-square-broad-c01-sobol-policy-rollouts;mulligan/sim-square-broad-c02-dagger-mulligan;mulligan/sim-square-broad-c02-mulligan-policy-rollouts;mulligan/sim-square-broad-c03-dagger-mulligan;mulligan/sim-square-broad-c03-mulligan-policy-rollouts,
mulligan/sim-square-broad-r03-mulligan-divl,seed-4,68734f6307e2cf0e1e7f6a12ce09616deae4e2ae,release-1,sim,sim-square-broad,r03,divl-agent,mulligan,4,square_broad_r3_mulligan_with_cf_human_only,250001,,,mulligan/sim-square-broad-c00-teleop-sobol;mulligan/sim-square-broad-c01-dagger-mulligan;mulligan/sim-square-broad-c01-sobol-policy-rollouts;mulligan/sim-square-broad-c02-dagger-mulligan;mulligan/sim-square-broad-c02-mulligan-policy-rollouts;mulligan/sim-square-broad-c03-dagger-mulligan;mulligan/sim-square-broad-c03-mulligan-policy-rollouts,
mulligan/sim-square-broad-r03-mulligan-divl,seed-5,68734f6307e2cf0e1e7f6a12ce09616deae4e2ae,release-1,sim,sim-square-broad,r03,divl-agent,mulligan,5,square_broad_r3_mulligan_with_cf_human_only,250001,,,mulligan/sim-square-broad-c00-teleop-sobol;mulligan/sim-square-broad-c01-dagger-mulligan;mulligan/sim-square-broad-c01-sobol-policy-rollouts;mulligan/sim-square-broad-c02-dagger-mulligan;mulligan/sim-square-broad-c02-mulligan-policy-rollouts;mulligan/sim-square-broad-c03-dagger-mulligan;mulligan/sim-square-broad-c03-mulligan-policy-rollouts,
mulligan/sim-square-broad-r03-mulligan-idql,seed-1,26dc02e559d8b30cc3509d4bfcd5a039eb290db1,release-1,sim,sim-square-broad,r03,idql-agent,mulligan,1,square_broad_r3_mulligan_with_cf_human_only,250001,,,mulligan/sim-square-broad-c00-teleop-sobol;mulligan/sim-square-broad-c01-dagger-mulligan;mulligan/sim-square-broad-c01-sobol-policy-rollouts;mulligan/sim-square-broad-c02-dagger-mulligan;mulligan/sim-square-broad-c02-mulligan-policy-rollouts;mulligan/sim-square-broad-c03-dagger-mulligan;mulligan/sim-square-broad-c03-mulligan-policy-rollouts,
mulligan/sim-square-broad-r03-mulligan-idql,seed-2,26dc02e559d8b30cc3509d4bfcd5a039eb290db1,release-1,sim,sim-square-broad,r03,idql-agent,mulligan,2,square_broad_r3_mulligan_with_cf_human_only,250001,,,mulligan/sim-square-broad-c00-teleop-sobol;mulligan/sim-square-broad-c01-dagger-mulligan;mulligan/sim-square-broad-c01-sobol-policy-rollouts;mulligan/sim-square-broad-c02-dagger-mulligan;mulligan/sim-square-broad-c02-mulligan-policy-rollouts;mulligan/sim-square-broad-c03-dagger-mulligan;mulligan/sim-square-broad-c03-mulligan-policy-rollouts,
mulligan/sim-square-broad-r03-mulligan-idql,seed-3,26dc02e559d8b30cc3509d4bfcd5a039eb290db1,release-1,sim,sim-square-broad,r03,idql-agent,mulligan,3,square_broad_r3_mulligan_with_cf_human_only,250001,,,mulligan/sim-square-broad-c00-teleop-sobol;mulligan/sim-square-broad-c01-dagger-mulligan;mulligan/sim-square-broad-c01-sobol-policy-rollouts;mulligan/sim-square-broad-c02-dagger-mulligan;mulligan/sim-square-broad-c02-mulligan-policy-rollouts;mulligan/sim-square-broad-c03-dagger-mulligan;mulligan/sim-square-broad-c03-mulligan-policy-rollouts,
mulligan/sim-square-broad-r03-mulligan-idql,seed-4,26dc02e559d8b30cc3509d4bfcd5a039eb290db1,release-1,sim,sim-square-broad,r03,idql-agent,mulligan,4,square_broad_r3_mulligan_with_cf_human_only,250001,,,mulligan/sim-square-broad-c00-teleop-sobol;mulligan/sim-square-broad-c01-dagger-mulligan;mulligan/sim-square-broad-c01-sobol-policy-rollouts;mulligan/sim-square-broad-c02-dagger-mulligan;mulligan/sim-square-broad-c02-mulligan-policy-rollouts;mulligan/sim-square-broad-c03-dagger-mulligan;mulligan/sim-square-broad-c03-mulligan-policy-rollouts,
mulligan/sim-square-broad-r03-mulligan-idql,seed-5,26dc02e559d8b30cc3509d4bfcd5a039eb290db1,release-1,sim,sim-square-broad,r03,idql-agent,mulligan,5,square_broad_r3_mulligan_with_cf_human_only,250001,,,mulligan/sim-square-broad-c00-teleop-sobol;mulligan/sim-square-broad-c01-dagger-mulligan;mulligan/sim-square-broad-c01-sobol-policy-rollouts;mulligan/sim-square-broad-c02-dagger-mulligan;mulligan/sim-square-broad-c02-mulligan-policy-rollouts;mulligan/sim-square-broad-c03-dagger-mulligan;mulligan/sim-square-broad-c03-mulligan-policy-rollouts,
mulligan/sim-square-broad-r03-mulligan-no-cf-divl,seed-1,22a1615ca291d433251ba01eedd0b39086b3286c,release-1,sim,sim-square-broad,r03,divl-agent,mulligan-no-cf,1,square_broad_r3_mulligan_no_cf_human_only,250001,,,mulligan/sim-square-broad-c00-teleop-sobol;mulligan/sim-square-broad-c01-dagger-mulligan-no-cf;mulligan/sim-square-broad-c01-sobol-policy-rollouts;mulligan/sim-square-broad-c02-dagger-mulligan-no-cf;mulligan/sim-square-broad-c02-mulligan-policy-rollouts;mulligan/sim-square-broad-c03-dagger-mulligan-no-cf;mulligan/sim-square-broad-c03-mulligan-policy-rollouts,
mulligan/sim-square-broad-r03-mulligan-no-cf-divl,seed-2,22a1615ca291d433251ba01eedd0b39086b3286c,release-1,sim,sim-square-broad,r03,divl-agent,mulligan-no-cf,2,square_broad_r3_mulligan_no_cf_human_only,250001,,,mulligan/sim-square-broad-c00-teleop-sobol;mulligan/sim-square-broad-c01-dagger-mulligan-no-cf;mulligan/sim-square-broad-c01-sobol-policy-rollouts;mulligan/sim-square-broad-c02-dagger-mulligan-no-cf;mulligan/sim-square-broad-c02-mulligan-policy-rollouts;mulligan/sim-square-broad-c03-dagger-mulligan-no-cf;mulligan/sim-square-broad-c03-mulligan-policy-rollouts,
mulligan/sim-square-broad-r03-mulligan-no-cf-divl,seed-3,22a1615ca291d433251ba01eedd0b39086b3286c,release-1,sim,sim-square-broad,r03,divl-agent,mulligan-no-cf,3,square_broad_r3_mulligan_no_cf_human_only,250001,,,mulligan/sim-square-broad-c00-teleop-sobol;mulligan/sim-square-broad-c01-dagger-mulligan-no-cf;mulligan/sim-square-broad-c01-sobol-policy-rollouts;mulligan/sim-square-broad-c02-dagger-mulligan-no-cf;mulligan/sim-square-broad-c02-mulligan-policy-rollouts;mulligan/sim-square-broad-c03-dagger-mulligan-no-cf;mulligan/sim-square-broad-c03-mulligan-policy-rollouts,
mulligan/sim-square-broad-r03-mulligan-no-cf-divl,seed-4,22a1615ca291d433251ba01eedd0b39086b3286c,release-1,sim,sim-square-broad,r03,divl-agent,mulligan-no-cf,4,square_broad_r3_mulligan_no_cf_human_only,250001,,,mulligan/sim-square-broad-c00-teleop-sobol;mulligan/sim-square-broad-c01-dagger-mulligan-no-cf;mulligan/sim-square-broad-c01-sobol-policy-rollouts;mulligan/sim-square-broad-c02-dagger-mulligan-no-cf;mulligan/sim-square-broad-c02-mulligan-policy-rollouts;mulligan/sim-square-broad-c03-dagger-mulligan-no-cf;mulligan/sim-square-broad-c03-mulligan-policy-rollouts,
mulligan/sim-square-broad-r03-mulligan-no-cf-divl,seed-5,22a1615ca291d433251ba01eedd0b39086b3286c,release-1,sim,sim-square-broad,r03,divl-agent,mulligan-no-cf,5,square_broad_r3_mulligan_no_cf_human_only,250001,,,mulligan/sim-square-broad-c00-teleop-sobol;mulligan/sim-square-broad-c01-dagger-mulligan-no-cf;mulligan/sim-square-broad-c01-sobol-policy-rollouts;mulligan/sim-square-broad-c02-dagger-mulligan-no-cf;mulligan/sim-square-broad-c02-mulligan-policy-rollouts;mulligan/sim-square-broad-c03-dagger-mulligan-no-cf;mulligan/sim-square-broad-c03-mulligan-policy-rollouts,
mulligan/sim-square-broad-r03-mulligan-no-cf-idql,seed-1,d525ea61b572024dbda18af473a5f16816c733f6,release-1,sim,sim-square-broad,r03,idql-agent,mulligan-no-cf,1,square_broad_r3_mulligan_no_cf_human_only,250001,,,mulligan/sim-square-broad-c00-teleop-sobol;mulligan/sim-square-broad-c01-dagger-mulligan-no-cf;mulligan/sim-square-broad-c01-sobol-policy-rollouts;mulligan/sim-square-broad-c02-dagger-mulligan-no-cf;mulligan/sim-square-broad-c02-mulligan-policy-rollouts;mulligan/sim-square-broad-c03-dagger-mulligan-no-cf;mulligan/sim-square-broad-c03-mulligan-policy-rollouts,
mulligan/sim-square-broad-r03-mulligan-no-cf-idql,seed-2,d525ea61b572024dbda18af473a5f16816c733f6,release-1,sim,sim-square-broad,r03,idql-agent,mulligan-no-cf,2,square_broad_r3_mulligan_no_cf_human_only,250001,,,mulligan/sim-square-broad-c00-teleop-sobol;mulligan/sim-square-broad-c01-dagger-mulligan-no-cf;mulligan/sim-square-broad-c01-sobol-policy-rollouts;mulligan/sim-square-broad-c02-dagger-mulligan-no-cf;mulligan/sim-square-broad-c02-mulligan-policy-rollouts;mulligan/sim-square-broad-c03-dagger-mulligan-no-cf;mulligan/sim-square-broad-c03-mulligan-policy-rollouts,
mulligan/sim-square-broad-r03-mulligan-no-cf-idql,seed-3,d525ea61b572024dbda18af473a5f16816c733f6,release-1,sim,sim-square-broad,r03,idql-agent,mulligan-no-cf,3,square_broad_r3_mulligan_no_cf_human_only,250001,,,mulligan/sim-square-broad-c00-teleop-sobol;mulligan/sim-square-broad-c01-dagger-mulligan-no-cf;mulligan/sim-square-broad-c01-sobol-policy-rollouts;mulligan/sim-square-broad-c02-dagger-mulligan-no-cf;mulligan/sim-square-broad-c02-mulligan-policy-rollouts;mulligan/sim-square-broad-c03-dagger-mulligan-no-cf;mulligan/sim-square-broad-c03-mulligan-policy-rollouts,
mulligan/sim-square-broad-r03-mulligan-no-cf-idql,seed-4,d525ea61b572024dbda18af473a5f16816c733f6,release-1,sim,sim-square-broad,r03,idql-agent,mulligan-no-cf,4,square_broad_r3_mulligan_no_cf_human_only,250001,,,mulligan/sim-square-broad-c00-teleop-sobol;mulligan/sim-square-broad-c01-dagger-mulligan-no-cf;mulligan/sim-square-broad-c01-sobol-policy-rollouts;mulligan/sim-square-broad-c02-dagger-mulligan-no-cf;mulligan/sim-square-broad-c02-mulligan-policy-rollouts;mulligan/sim-square-broad-c03-dagger-mulligan-no-cf;mulligan/sim-square-broad-c03-mulligan-policy-rollouts,
mulligan/sim-square-broad-r03-mulligan-no-cf-idql,seed-5,d525ea61b572024dbda18af473a5f16816c733f6,release-1,sim,sim-square-broad,r03,idql-agent,mulligan-no-cf,5,square_broad_r3_mulligan_no_cf_human_only,250001,,,mulligan/sim-square-broad-c00-teleop-sobol;mulligan/sim-square-broad-c01-dagger-mulligan-no-cf;mulligan/sim-square-broad-c01-sobol-policy-rollouts;mulligan/sim-square-broad-c02-dagger-mulligan-no-cf;mulligan/sim-square-broad-c02-mulligan-policy-rollouts;mulligan/sim-square-broad-c03-dagger-mulligan-no-cf;mulligan/sim-square-broad-c03-mulligan-policy-rollouts,
mulligan/sim-square-narrow-r00-baseline-divl,seed-1,cc09df4540c0c002913353d0c915406ace648dc1,release-1,sim,sim-square-narrow,r00,divl-agent,baseline,1,square_narrow_r0_baseline_uniform,150001,,,mulligan/sim-square-narrow-c00-teleop-baseline,
mulligan/sim-square-narrow-r00-baseline-divl,seed-2,cc09df4540c0c002913353d0c915406ace648dc1,release-1,sim,sim-square-narrow,r00,divl-agent,baseline,2,square_narrow_r0_baseline_uniform,150001,,,mulligan/sim-square-narrow-c00-teleop-baseline,
mulligan/sim-square-narrow-r00-baseline-divl,seed-3,cc09df4540c0c002913353d0c915406ace648dc1,release-1,sim,sim-square-narrow,r00,divl-agent,baseline,3,square_narrow_r0_baseline_uniform,150001,,,mulligan/sim-square-narrow-c00-teleop-baseline,
mulligan/sim-square-narrow-r00-baseline-divl,seed-4,cc09df4540c0c002913353d0c915406ace648dc1,release-1,sim,sim-square-narrow,r00,divl-agent,baseline,4,square_narrow_r0_baseline_uniform,150001,,,mulligan/sim-square-narrow-c00-teleop-baseline,
mulligan/sim-square-narrow-r00-baseline-divl,seed-5,cc09df4540c0c002913353d0c915406ace648dc1,release-1,sim,sim-square-narrow,r00,divl-agent,baseline,5,square_narrow_r0_baseline_uniform,150001,,,mulligan/sim-square-narrow-c00-teleop-baseline,
mulligan/sim-square-narrow-r00-baseline-idql,seed-1,61a72c303eed96ad7117cdb7eb7ca33a8e714040,release-1,sim,sim-square-narrow,r00,idql-agent,baseline,1,square_narrow_r0_baseline_uniform,150001,,,mulligan/sim-square-narrow-c00-teleop-baseline,
mulligan/sim-square-narrow-r00-baseline-idql,seed-2,61a72c303eed96ad7117cdb7eb7ca33a8e714040,release-1,sim,sim-square-narrow,r00,idql-agent,baseline,2,square_narrow_r0_baseline_uniform,150001,,,mulligan/sim-square-narrow-c00-teleop-baseline,
mulligan/sim-square-narrow-r00-baseline-idql,seed-3,61a72c303eed96ad7117cdb7eb7ca33a8e714040,release-1,sim,sim-square-narrow,r00,idql-agent,baseline,3,square_narrow_r0_baseline_uniform,150001,,,mulligan/sim-square-narrow-c00-teleop-baseline,
mulligan/sim-square-narrow-r00-baseline-idql,seed-4,61a72c303eed96ad7117cdb7eb7ca33a8e714040,release-1,sim,sim-square-narrow,r00,idql-agent,baseline,4,square_narrow_r0_baseline_uniform,150001,,,mulligan/sim-square-narrow-c00-teleop-baseline,
mulligan/sim-square-narrow-r00-baseline-idql,seed-5,61a72c303eed96ad7117cdb7eb7ca33a8e714040,release-1,sim,sim-square-narrow,r00,idql-agent,baseline,5,square_narrow_r0_baseline_uniform,150001,,,mulligan/sim-square-narrow-c00-teleop-baseline,
mulligan/sim-square-narrow-r00-sobol-divl,seed-1,919346e0e09ce692fd51f2d65f5b858b7b2e3555,release-1,sim,sim-square-narrow,r00,divl-agent,sobol,1,square_narrow_r0_sobol,150001,,,mulligan/sim-square-narrow-c00-teleop-sobol,
mulligan/sim-square-narrow-r00-sobol-divl,seed-2,919346e0e09ce692fd51f2d65f5b858b7b2e3555,release-1,sim,sim-square-narrow,r00,divl-agent,sobol,2,square_narrow_r0_sobol,150001,,,mulligan/sim-square-narrow-c00-teleop-sobol,
mulligan/sim-square-narrow-r00-sobol-divl,seed-3,919346e0e09ce692fd51f2d65f5b858b7b2e3555,release-1,sim,sim-square-narrow,r00,divl-agent,sobol,3,square_narrow_r0_sobol,150001,,,mulligan/sim-square-narrow-c00-teleop-sobol,
mulligan/sim-square-narrow-r00-sobol-divl,seed-4,919346e0e09ce692fd51f2d65f5b858b7b2e3555,release-1,sim,sim-square-narrow,r00,divl-agent,sobol,4,square_narrow_r0_sobol,150001,,,mulligan/sim-square-narrow-c00-teleop-sobol,
mulligan/sim-square-narrow-r00-sobol-divl,seed-5,919346e0e09ce692fd51f2d65f5b858b7b2e3555,release-1,sim,sim-square-narrow,r00,divl-agent,sobol,5,square_narrow_r0_sobol,150001,,,mulligan/sim-square-narrow-c00-teleop-sobol,
mulligan/sim-square-narrow-r00-sobol-idql,seed-1,1ba4bc999d1ba77b078afaae5979f201e52e7f77,release-1,sim,sim-square-narrow,r00,idql-agent,sobol,1,square_narrow_r0_sobol,150001,,,mulligan/sim-square-narrow-c00-teleop-sobol,
mulligan/sim-square-narrow-r00-sobol-idql,seed-2,1ba4bc999d1ba77b078afaae5979f201e52e7f77,release-1,sim,sim-square-narrow,r00,idql-agent,sobol,2,square_narrow_r0_sobol,150001,,,mulligan/sim-square-narrow-c00-teleop-sobol,
mulligan/sim-square-narrow-r00-sobol-idql,seed-3,1ba4bc999d1ba77b078afaae5979f201e52e7f77,release-1,sim,sim-square-narrow,r00,idql-agent,sobol,3,square_narrow_r0_sobol,150001,,,mulligan/sim-square-narrow-c00-teleop-sobol,
mulligan/sim-square-narrow-r00-sobol-idql,seed-4,1ba4bc999d1ba77b078afaae5979f201e52e7f77,release-1,sim,sim-square-narrow,r00,idql-agent,sobol,4,square_narrow_r0_sobol,150001,,,mulligan/sim-square-narrow-c00-teleop-sobol,
mulligan/sim-square-narrow-r00-sobol-idql,seed-5,1ba4bc999d1ba77b078afaae5979f201e52e7f77,release-1,sim,sim-square-narrow,r00,idql-agent,sobol,5,square_narrow_r0_sobol,150001,,,mulligan/sim-square-narrow-c00-teleop-sobol,
mulligan/sim-square-narrow-r01-auto-filtered-bc-n1-idql,seed-1,ffa4e2dcd6f88ce30c77ede6b48c2e96788aab6b,release-1,sim,sim-square-narrow,r01,idql-agent,auto-filtered-bc-n1,1,,150001,,,mulligan/sim-square-narrow-c00-teleop-baseline;mulligan/sim-square-narrow-c01-auto-bc-n1-shared-policy-rollouts,
mulligan/sim-square-narrow-r01-auto-filtered-bc-n1-idql,seed-2,ffa4e2dcd6f88ce30c77ede6b48c2e96788aab6b,release-1,sim,sim-square-narrow,r01,idql-agent,auto-filtered-bc-n1,2,,150001,,,mulligan/sim-square-narrow-c00-teleop-baseline;mulligan/sim-square-narrow-c01-auto-bc-n1-shared-policy-rollouts,
mulligan/sim-square-narrow-r01-auto-filtered-bc-n1-idql,seed-3,ffa4e2dcd6f88ce30c77ede6b48c2e96788aab6b,release-1,sim,sim-square-narrow,r01,idql-agent,auto-filtered-bc-n1,3,,150001,,,mulligan/sim-square-narrow-c00-teleop-baseline;mulligan/sim-square-narrow-c01-auto-bc-n1-shared-policy-rollouts,
mulligan/sim-square-narrow-r01-auto-filtered-bc-n1-idql,seed-4,ffa4e2dcd6f88ce30c77ede6b48c2e96788aab6b,release-1,sim,sim-square-narrow,r01,idql-agent,auto-filtered-bc-n1,4,,150001,,,mulligan/sim-square-narrow-c00-teleop-baseline;mulligan/sim-square-narrow-c01-auto-bc-n1-shared-policy-rollouts,
mulligan/sim-square-narrow-r01-auto-filtered-bc-n1-idql,seed-5,ffa4e2dcd6f88ce30c77ede6b48c2e96788aab6b,release-1,sim,sim-square-narrow,r01,idql-agent,auto-filtered-bc-n1,5,,150001,,,mulligan/sim-square-narrow-c00-teleop-baseline;mulligan/sim-square-narrow-c01-auto-bc-n1-shared-policy-rollouts,
mulligan/sim-square-narrow-r01-auto-iql-n32-divl,seed-1,e2eed3fa17a7f02ae18888dff8dfdaadc5a9fbbf,release-1,sim,sim-square-narrow,r01,divl-agent,auto-iql-n32,1,square_narrow_r1_auto_iql_n32,150001,,,mulligan/sim-square-narrow-c00-teleop-baseline;mulligan/sim-square-narrow-c01-auto-iql-n32-policy-rollouts,
mulligan/sim-square-narrow-r01-auto-iql-n32-divl,seed-2,e2eed3fa17a7f02ae18888dff8dfdaadc5a9fbbf,release-1,sim,sim-square-narrow,r01,divl-agent,auto-iql-n32,2,square_narrow_r1_auto_iql_n32,150001,,,mulligan/sim-square-narrow-c00-teleop-baseline;mulligan/sim-square-narrow-c01-auto-iql-n32-policy-rollouts,
mulligan/sim-square-narrow-r01-auto-iql-n32-divl,seed-3,e2eed3fa17a7f02ae18888dff8dfdaadc5a9fbbf,release-1,sim,sim-square-narrow,r01,divl-agent,auto-iql-n32,3,square_narrow_r1_auto_iql_n32,150001,,,mulligan/sim-square-narrow-c00-teleop-baseline;mulligan/sim-square-narrow-c01-auto-iql-n32-policy-rollouts,
mulligan/sim-square-narrow-r01-auto-iql-n32-divl,seed-4,e2eed3fa17a7f02ae18888dff8dfdaadc5a9fbbf,release-1,sim,sim-square-narrow,r01,divl-agent,auto-iql-n32,4,square_narrow_r1_auto_iql_n32,150001,,,mulligan/sim-square-narrow-c00-teleop-baseline;mulligan/sim-square-narrow-c01-auto-iql-n32-policy-rollouts,
mulligan/sim-square-narrow-r01-auto-iql-n32-divl,seed-5,e2eed3fa17a7f02ae18888dff8dfdaadc5a9fbbf,release-1,sim,sim-square-narrow,r01,divl-agent,auto-iql-n32,5,square_narrow_r1_auto_iql_n32,150001,,,mulligan/sim-square-narrow-c00-teleop-baseline;mulligan/sim-square-narrow-c01-auto-iql-n32-policy-rollouts,
mulligan/sim-square-narrow-r01-auto-iql-n32-idql,seed-1,4bf4a0fa98a7c0d934eed01d03576d6f4ba6b6fe,release-1,sim,sim-square-narrow,r01,idql-agent,auto-iql-n32,1,square_narrow_r1_auto_iql_n32,150001,,,mulligan/sim-square-narrow-c00-teleop-baseline;mulligan/sim-square-narrow-c01-auto-iql-n32-policy-rollouts,
mulligan/sim-square-narrow-r01-auto-iql-n32-idql,seed-2,4bf4a0fa98a7c0d934eed01d03576d6f4ba6b6fe,release-1,sim,sim-square-narrow,r01,idql-agent,auto-iql-n32,2,square_narrow_r1_auto_iql_n32,150001,,,mulligan/sim-square-narrow-c00-teleop-baseline;mulligan/sim-square-narrow-c01-auto-iql-n32-policy-rollouts,
mulligan/sim-square-narrow-r01-auto-iql-n32-idql,seed-3,4bf4a0fa98a7c0d934eed01d03576d6f4ba6b6fe,release-1,sim,sim-square-narrow,r01,idql-agent,auto-iql-n32,3,square_narrow_r1_auto_iql_n32,150001,,,mulligan/sim-square-narrow-c00-teleop-baseline;mulligan/sim-square-narrow-c01-auto-iql-n32-policy-rollouts,
mulligan/sim-square-narrow-r01-auto-iql-n32-idql,seed-4,4bf4a0fa98a7c0d934eed01d03576d6f4ba6b6fe,release-1,sim,sim-square-narrow,r01,idql-agent,auto-iql-n32,4,square_narrow_r1_auto_iql_n32,150001,,,mulligan/sim-square-narrow-c00-teleop-baseline;mulligan/sim-square-narrow-c01-auto-iql-n32-policy-rollouts,
mulligan/sim-square-narrow-r01-auto-iql-n32-idql,seed-5,4bf4a0fa98a7c0d934eed01d03576d6f4ba6b6fe,release-1,sim,sim-square-narrow,r01,idql-agent,auto-iql-n32,5,square_narrow_r1_auto_iql_n32,150001,,,mulligan/sim-square-narrow-c00-teleop-baseline;mulligan/sim-square-narrow-c01-auto-iql-n32-policy-rollouts,
mulligan/sim-square-narrow-r01-auto-iql-success-bc-n32-divl,seed-1,0fcb1ca47a26180213e97f5f67002a9eba921516,release-1,sim,sim-square-narrow,r01,divl-agent,auto-iql-success-bc-n32,1,square_narrow_r1_auto_iql_success_bc_n32,150001,,,mulligan/sim-square-narrow-c00-teleop-baseline;mulligan/sim-square-narrow-c01-auto-iql-n32-policy-rollouts,
mulligan/sim-square-narrow-r01-auto-iql-success-bc-n32-divl,seed-2,0fcb1ca47a26180213e97f5f67002a9eba921516,release-1,sim,sim-square-narrow,r01,divl-agent,auto-iql-success-bc-n32,2,square_narrow_r1_auto_iql_success_bc_n32,150001,,,mulligan/sim-square-narrow-c00-teleop-baseline;mulligan/sim-square-narrow-c01-auto-iql-n32-policy-rollouts,
mulligan/sim-square-narrow-r01-auto-iql-success-bc-n32-divl,seed-3,0fcb1ca47a26180213e97f5f67002a9eba921516,release-1,sim,sim-square-narrow,r01,divl-agent,auto-iql-success-bc-n32,3,square_narrow_r1_auto_iql_success_bc_n32,150001,,,mulligan/sim-square-narrow-c00-teleop-baseline;mulligan/sim-square-narrow-c01-auto-iql-n32-policy-rollouts,
mulligan/sim-square-narrow-r01-auto-iql-success-bc-n32-divl,seed-4,0fcb1ca47a26180213e97f5f67002a9eba921516,release-1,sim,sim-square-narrow,r01,divl-agent,auto-iql-success-bc-n32,4,square_narrow_r1_auto_iql_success_bc_n32,150001,,,mulligan/sim-square-narrow-c00-teleop-baseline;mulligan/sim-square-narrow-c01-auto-iql-n32-policy-rollouts,
mulligan/sim-square-narrow-r01-auto-iql-success-bc-n32-divl,seed-5,0fcb1ca47a26180213e97f5f67002a9eba921516,release-1,sim,sim-square-narrow,r01,divl-agent,auto-iql-success-bc-n32,5,square_narrow_r1_auto_iql_success_bc_n32,150001,,,mulligan/sim-square-narrow-c00-teleop-baseline;mulligan/sim-square-narrow-c01-auto-iql-n32-policy-rollouts,
mulligan/sim-square-narrow-r01-auto-iql-success-bc-n32-idql,seed-1,f2f60260e8e517ebec69db33d36d2c05c01e6aae,release-1,sim,sim-square-narrow,r01,idql-agent,auto-iql-success-bc-n32,1,square_narrow_r1_auto_iql_success_bc_n32,150001,,,mulligan/sim-square-narrow-c00-teleop-baseline;mulligan/sim-square-narrow-c01-auto-iql-n32-policy-rollouts,
mulligan/sim-square-narrow-r01-auto-iql-success-bc-n32-idql,seed-2,f2f60260e8e517ebec69db33d36d2c05c01e6aae,release-1,sim,sim-square-narrow,r01,idql-agent,auto-iql-success-bc-n32,2,square_narrow_r1_auto_iql_success_bc_n32,150001,,,mulligan/sim-square-narrow-c00-teleop-baseline;mulligan/sim-square-narrow-c01-auto-iql-n32-policy-rollouts,
mulligan/sim-square-narrow-r01-auto-iql-success-bc-n32-idql,seed-3,f2f60260e8e517ebec69db33d36d2c05c01e6aae,release-1,sim,sim-square-narrow,r01,idql-agent,auto-iql-success-bc-n32,3,square_narrow_r1_auto_iql_success_bc_n32,150001,,,mulligan/sim-square-narrow-c00-teleop-baseline;mulligan/sim-square-narrow-c01-auto-iql-n32-policy-rollouts,
mulligan/sim-square-narrow-r01-auto-iql-success-bc-n32-idql,seed-4,f2f60260e8e517ebec69db33d36d2c05c01e6aae,release-1,sim,sim-square-narrow,r01,idql-agent,auto-iql-success-bc-n32,4,square_narrow_r1_auto_iql_success_bc_n32,150001,,,mulligan/sim-square-narrow-c00-teleop-baseline;mulligan/sim-square-narrow-c01-auto-iql-n32-policy-rollouts,
mulligan/sim-square-narrow-r01-auto-iql-success-bc-n32-idql,seed-5,f2f60260e8e517ebec69db33d36d2c05c01e6aae,release-1,sim,sim-square-narrow,r01,idql-agent,auto-iql-success-bc-n32,5,square_narrow_r1_auto_iql_success_bc_n32,150001,,,mulligan/sim-square-narrow-c00-teleop-baseline;mulligan/sim-square-narrow-c01-auto-iql-n32-policy-rollouts,
mulligan/sim-square-narrow-r01-auto-plain-il-n1-idql,seed-1,bc83ffa79f00b81e00cf3de36be70c3c3f935411,release-1,sim,sim-square-narrow,r01,idql-agent,auto-plain-il-n1,1,,150001,,,mulligan/sim-square-narrow-c00-teleop-baseline;mulligan/sim-square-narrow-c01-auto-bc-n1-shared-policy-rollouts,
mulligan/sim-square-narrow-r01-auto-plain-il-n1-idql,seed-2,bc83ffa79f00b81e00cf3de36be70c3c3f935411,release-1,sim,sim-square-narrow,r01,idql-agent,auto-plain-il-n1,2,,150001,,,mulligan/sim-square-narrow-c00-teleop-baseline;mulligan/sim-square-narrow-c01-auto-bc-n1-shared-policy-rollouts,
mulligan/sim-square-narrow-r01-auto-plain-il-n1-idql,seed-3,bc83ffa79f00b81e00cf3de36be70c3c3f935411,release-1,sim,sim-square-narrow,r01,idql-agent,auto-plain-il-n1,3,,150001,,,mulligan/sim-square-narrow-c00-teleop-baseline;mulligan/sim-square-narrow-c01-auto-bc-n1-shared-policy-rollouts,
mulligan/sim-square-narrow-r01-auto-plain-il-n1-idql,seed-4,bc83ffa79f00b81e00cf3de36be70c3c3f935411,release-1,sim,sim-square-narrow,r01,idql-agent,auto-plain-il-n1,4,,150001,,,mulligan/sim-square-narrow-c00-teleop-baseline;mulligan/sim-square-narrow-c01-auto-bc-n1-shared-policy-rollouts,
mulligan/sim-square-narrow-r01-auto-plain-il-n1-idql,seed-5,bc83ffa79f00b81e00cf3de36be70c3c3f935411,release-1,sim,sim-square-narrow,r01,idql-agent,auto-plain-il-n1,5,,150001,,,mulligan/sim-square-narrow-c00-teleop-baseline;mulligan/sim-square-narrow-c01-auto-bc-n1-shared-policy-rollouts,
mulligan/sim-square-narrow-r01-baseline-divl,seed-1,412f3a4bb09a5a011c6b206ee8de3093cec2711e,release-1,sim,sim-square-narrow,r01,divl-agent,baseline,1,square_narrow_r1_baseline_uniform_no_cf_human_only,150001,,,mulligan/sim-square-narrow-c00-teleop-baseline;mulligan/sim-square-narrow-c01-baseline-policy-rollouts;mulligan/sim-square-narrow-c01-dagger-baseline,
mulligan/sim-square-narrow-r01-baseline-divl,seed-2,412f3a4bb09a5a011c6b206ee8de3093cec2711e,release-1,sim,sim-square-narrow,r01,divl-agent,baseline,2,square_narrow_r1_baseline_uniform_no_cf_human_only,150001,,,mulligan/sim-square-narrow-c00-teleop-baseline;mulligan/sim-square-narrow-c01-baseline-policy-rollouts;mulligan/sim-square-narrow-c01-dagger-baseline,
mulligan/sim-square-narrow-r01-baseline-divl,seed-3,412f3a4bb09a5a011c6b206ee8de3093cec2711e,release-1,sim,sim-square-narrow,r01,divl-agent,baseline,3,square_narrow_r1_baseline_uniform_no_cf_human_only,150001,,,mulligan/sim-square-narrow-c00-teleop-baseline;mulligan/sim-square-narrow-c01-baseline-policy-rollouts;mulligan/sim-square-narrow-c01-dagger-baseline,
mulligan/sim-square-narrow-r01-baseline-divl,seed-4,412f3a4bb09a5a011c6b206ee8de3093cec2711e,release-1,sim,sim-square-narrow,r01,divl-agent,baseline,4,square_narrow_r1_baseline_uniform_no_cf_human_only,150001,,,mulligan/sim-square-narrow-c00-teleop-baseline;mulligan/sim-square-narrow-c01-baseline-policy-rollouts;mulligan/sim-square-narrow-c01-dagger-baseline,
mulligan/sim-square-narrow-r01-baseline-divl,seed-5,412f3a4bb09a5a011c6b206ee8de3093cec2711e,release-1,sim,sim-square-narrow,r01,divl-agent,baseline,5,square_narrow_r1_baseline_uniform_no_cf_human_only,150001,,,mulligan/sim-square-narrow-c00-teleop-baseline;mulligan/sim-square-narrow-c01-baseline-policy-rollouts;mulligan/sim-square-narrow-c01-dagger-baseline,
mulligan/sim-square-narrow-r01-baseline-idql,seed-1,e4c8346e99eddb0e6e59dfee58a3cbdd9d160368,release-1,sim,sim-square-narrow,r01,idql-agent,baseline,1,square_narrow_r1_baseline_uniform_no_cf_human_only,150001,,,mulligan/sim-square-narrow-c00-teleop-baseline;mulligan/sim-square-narrow-c01-baseline-policy-rollouts;mulligan/sim-square-narrow-c01-dagger-baseline,
mulligan/sim-square-narrow-r01-baseline-idql,seed-2,e4c8346e99eddb0e6e59dfee58a3cbdd9d160368,release-1,sim,sim-square-narrow,r01,idql-agent,baseline,2,square_narrow_r1_baseline_uniform_no_cf_human_only,150001,,,mulligan/sim-square-narrow-c00-teleop-baseline;mulligan/sim-square-narrow-c01-baseline-policy-rollouts;mulligan/sim-square-narrow-c01-dagger-baseline,
mulligan/sim-square-narrow-r01-baseline-idql,seed-3,e4c8346e99eddb0e6e59dfee58a3cbdd9d160368,release-1,sim,sim-square-narrow,r01,idql-agent,baseline,3,square_narrow_r1_baseline_uniform_no_cf_human_only,150001,,,mulligan/sim-square-narrow-c00-teleop-baseline;mulligan/sim-square-narrow-c01-baseline-policy-rollouts;mulligan/sim-square-narrow-c01-dagger-baseline,
mulligan/sim-square-narrow-r01-baseline-idql,seed-4,e4c8346e99eddb0e6e59dfee58a3cbdd9d160368,release-1,sim,sim-square-narrow,r01,idql-agent,baseline,4,square_narrow_r1_baseline_uniform_no_cf_human_only,150001,,,mulligan/sim-square-narrow-c00-teleop-baseline;mulligan/sim-square-narrow-c01-baseline-policy-rollouts;mulligan/sim-square-narrow-c01-dagger-baseline,
mulligan/sim-square-narrow-r01-baseline-idql,seed-5,e4c8346e99eddb0e6e59dfee58a3cbdd9d160368,release-1,sim,sim-square-narrow,r01,idql-agent,baseline,5,square_narrow_r1_baseline_uniform_no_cf_human_only,150001,,,mulligan/sim-square-narrow-c00-teleop-baseline;mulligan/sim-square-narrow-c01-baseline-policy-rollouts;mulligan/sim-square-narrow-c01-dagger-baseline,
mulligan/sim-square-narrow-r01-baseline-straddled-auto-success-divl,seed-1,b40e5f489dc83641ab5a0a605e8bff22a5451f9f,release-1,sim,sim-square-narrow,r01,divl-agent,baseline-straddled-auto-success,1,square_narrow_r1_baseline_uniform_no_cf_straddled_auto_success,150001,,,mulligan/sim-square-narrow-c00-teleop-baseline;mulligan/sim-square-narrow-c01-baseline-policy-rollouts;mulligan/sim-square-narrow-c01-dagger-baseline,
mulligan/sim-square-narrow-r01-baseline-straddled-auto-success-divl,seed-2,b40e5f489dc83641ab5a0a605e8bff22a5451f9f,release-1,sim,sim-square-narrow,r01,divl-agent,baseline-straddled-auto-success,2,square_narrow_r1_baseline_uniform_no_cf_straddled_auto_success,150001,,,mulligan/sim-square-narrow-c00-teleop-baseline;mulligan/sim-square-narrow-c01-baseline-policy-rollouts;mulligan/sim-square-narrow-c01-dagger-baseline,
mulligan/sim-square-narrow-r01-baseline-straddled-auto-success-divl,seed-3,b40e5f489dc83641ab5a0a605e8bff22a5451f9f,release-1,sim,sim-square-narrow,r01,divl-agent,baseline-straddled-auto-success,3,square_narrow_r1_baseline_uniform_no_cf_straddled_auto_success,150001,,,mulligan/sim-square-narrow-c00-teleop-baseline;mulligan/sim-square-narrow-c01-baseline-policy-rollouts;mulligan/sim-square-narrow-c01-dagger-baseline,
mulligan/sim-square-narrow-r01-baseline-straddled-auto-success-divl,seed-4,b40e5f489dc83641ab5a0a605e8bff22a5451f9f,release-1,sim,sim-square-narrow,r01,divl-agent,baseline-straddled-auto-success,4,square_narrow_r1_baseline_uniform_no_cf_straddled_auto_success,150001,,,mulligan/sim-square-narrow-c00-teleop-baseline;mulligan/sim-square-narrow-c01-baseline-policy-rollouts;mulligan/sim-square-narrow-c01-dagger-baseline,
mulligan/sim-square-narrow-r01-baseline-straddled-auto-success-divl,seed-5,b40e5f489dc83641ab5a0a605e8bff22a5451f9f,release-1,sim,sim-square-narrow,r01,divl-agent,baseline-straddled-auto-success,5,square_narrow_r1_baseline_uniform_no_cf_straddled_auto_success,150001,,,mulligan/sim-square-narrow-c00-teleop-baseline;mulligan/sim-square-narrow-c01-baseline-policy-rollouts;mulligan/sim-square-narrow-c01-dagger-baseline,
mulligan/sim-square-narrow-r01-baseline-straddled-auto-success-idql,seed-1,82328d783e992287c4dd3497c945cd98f95c1c1d,release-1,sim,sim-square-narrow,r01,idql-agent,baseline-straddled-auto-success,1,square_narrow_r1_baseline_uniform_no_cf_straddled_auto_success,150001,,,mulligan/sim-square-narrow-c00-teleop-baseline;mulligan/sim-square-narrow-c01-baseline-policy-rollouts;mulligan/sim-square-narrow-c01-dagger-baseline,
mulligan/sim-square-narrow-r01-baseline-straddled-auto-success-idql,seed-2,82328d783e992287c4dd3497c945cd98f95c1c1d,release-1,sim,sim-square-narrow,r01,idql-agent,baseline-straddled-auto-success,2,square_narrow_r1_baseline_uniform_no_cf_straddled_auto_success,150001,,,mulligan/sim-square-narrow-c00-teleop-baseline;mulligan/sim-square-narrow-c01-baseline-policy-rollouts;mulligan/sim-square-narrow-c01-dagger-baseline,
mulligan/sim-square-narrow-r01-baseline-straddled-auto-success-idql,seed-3,82328d783e992287c4dd3497c945cd98f95c1c1d,release-1,sim,sim-square-narrow,r01,idql-agent,baseline-straddled-auto-success,3,square_narrow_r1_baseline_uniform_no_cf_straddled_auto_success,150001,,,mulligan/sim-square-narrow-c00-teleop-baseline;mulligan/sim-square-narrow-c01-baseline-policy-rollouts;mulligan/sim-square-narrow-c01-dagger-baseline,
mulligan/sim-square-narrow-r01-baseline-straddled-auto-success-idql,seed-4,82328d783e992287c4dd3497c945cd98f95c1c1d,release-1,sim,sim-square-narrow,r01,idql-agent,baseline-straddled-auto-success,4,square_narrow_r1_baseline_uniform_no_cf_straddled_auto_success,150001,,,mulligan/sim-square-narrow-c00-teleop-baseline;mulligan/sim-square-narrow-c01-baseline-policy-rollouts;mulligan/sim-square-narrow-c01-dagger-baseline,
mulligan/sim-square-narrow-r01-baseline-straddled-auto-success-idql,seed-5,82328d783e992287c4dd3497c945cd98f95c1c1d,release-1,sim,sim-square-narrow,r01,idql-agent,baseline-straddled-auto-success,5,square_narrow_r1_baseline_uniform_no_cf_straddled_auto_success,150001,,,mulligan/sim-square-narrow-c00-teleop-baseline;mulligan/sim-square-narrow-c01-baseline-policy-rollouts;mulligan/sim-square-narrow-c01-dagger-baseline,
mulligan/sim-square-narrow-r01-mulligan-divl,seed-1,05e15eb4f0324587337fc7a8e3374398c6044443,release-1,sim,sim-square-narrow,r01,divl-agent,mulligan,1,square_narrow_r1_mulligan_with_cf_human_only,150001,,,mulligan/sim-square-narrow-c00-teleop-sobol;mulligan/sim-square-narrow-c01-dagger-mulligan;mulligan/sim-square-narrow-c01-sobol-policy-rollouts,
mulligan/sim-square-narrow-r01-mulligan-divl,seed-2,05e15eb4f0324587337fc7a8e3374398c6044443,release-1,sim,sim-square-narrow,r01,divl-agent,mulligan,2,square_narrow_r1_mulligan_with_cf_human_only,150001,,,mulligan/sim-square-narrow-c00-teleop-sobol;mulligan/sim-square-narrow-c01-dagger-mulligan;mulligan/sim-square-narrow-c01-sobol-policy-rollouts,
mulligan/sim-square-narrow-r01-mulligan-divl,seed-3,05e15eb4f0324587337fc7a8e3374398c6044443,release-1,sim,sim-square-narrow,r01,divl-agent,mulligan,3,square_narrow_r1_mulligan_with_cf_human_only,150001,,,mulligan/sim-square-narrow-c00-teleop-sobol;mulligan/sim-square-narrow-c01-dagger-mulligan;mulligan/sim-square-narrow-c01-sobol-policy-rollouts,
mulligan/sim-square-narrow-r01-mulligan-divl,seed-4,05e15eb4f0324587337fc7a8e3374398c6044443,release-1,sim,sim-square-narrow,r01,divl-agent,mulligan,4,square_narrow_r1_mulligan_with_cf_human_only,150001,,,mulligan/sim-square-narrow-c00-teleop-sobol;mulligan/sim-square-narrow-c01-dagger-mulligan;mulligan/sim-square-narrow-c01-sobol-policy-rollouts,
mulligan/sim-square-narrow-r01-mulligan-divl,seed-5,05e15eb4f0324587337fc7a8e3374398c6044443,release-1,sim,sim-square-narrow,r01,divl-agent,mulligan,5,square_narrow_r1_mulligan_with_cf_human_only,150001,,,mulligan/sim-square-narrow-c00-teleop-sobol;mulligan/sim-square-narrow-c01-dagger-mulligan;mulligan/sim-square-narrow-c01-sobol-policy-rollouts,
mulligan/sim-square-narrow-r01-mulligan-idql,seed-1,d6c7829460657f04775a4646a33d2393402bceb2,release-1,sim,sim-square-narrow,r01,idql-agent,mulligan,1,square_narrow_r1_mulligan_with_cf_human_only,150001,,,mulligan/sim-square-narrow-c00-teleop-sobol;mulligan/sim-square-narrow-c01-dagger-mulligan;mulligan/sim-square-narrow-c01-sobol-policy-rollouts,
mulligan/sim-square-narrow-r01-mulligan-idql,seed-2,d6c7829460657f04775a4646a33d2393402bceb2,release-1,sim,sim-square-narrow,r01,idql-agent,mulligan,2,square_narrow_r1_mulligan_with_cf_human_only,150001,,,mulligan/sim-square-narrow-c00-teleop-sobol;mulligan/sim-square-narrow-c01-dagger-mulligan;mulligan/sim-square-narrow-c01-sobol-policy-rollouts,
mulligan/sim-square-narrow-r01-mulligan-idql,seed-3,d6c7829460657f04775a4646a33d2393402bceb2,release-1,sim,sim-square-narrow,r01,idql-agent,mulligan,3,square_narrow_r1_mulligan_with_cf_human_only,150001,,,mulligan/sim-square-narrow-c00-teleop-sobol;mulligan/sim-square-narrow-c01-dagger-mulligan;mulligan/sim-square-narrow-c01-sobol-policy-rollouts,
mulligan/sim-square-narrow-r01-mulligan-idql,seed-4,d6c7829460657f04775a4646a33d2393402bceb2,release-1,sim,sim-square-narrow,r01,idql-agent,mulligan,4,square_narrow_r1_mulligan_with_cf_human_only,150001,,,mulligan/sim-square-narrow-c00-teleop-sobol;mulligan/sim-square-narrow-c01-dagger-mulligan;mulligan/sim-square-narrow-c01-sobol-policy-rollouts,
mulligan/sim-square-narrow-r01-mulligan-idql,seed-5,d6c7829460657f04775a4646a33d2393402bceb2,release-1,sim,sim-square-narrow,r01,idql-agent,mulligan,5,square_narrow_r1_mulligan_with_cf_human_only,150001,,,mulligan/sim-square-narrow-c00-teleop-sobol;mulligan/sim-square-narrow-c01-dagger-mulligan;mulligan/sim-square-narrow-c01-sobol-policy-rollouts,
mulligan/sim-square-narrow-r01-mulligan-no-cf-divl,seed-1,2a285c7d9064bf14522be04b02b77b4b881a188d,release-1,sim,sim-square-narrow,r01,divl-agent,mulligan-no-cf,1,square_narrow_r1_mulligan_no_cf_human_only,150001,,,mulligan/sim-square-narrow-c00-teleop-sobol;mulligan/sim-square-narrow-c01-dagger-mulligan-no-cf;mulligan/sim-square-narrow-c01-sobol-policy-rollouts,
mulligan/sim-square-narrow-r01-mulligan-no-cf-divl,seed-2,2a285c7d9064bf14522be04b02b77b4b881a188d,release-1,sim,sim-square-narrow,r01,divl-agent,mulligan-no-cf,2,square_narrow_r1_mulligan_no_cf_human_only,150001,,,mulligan/sim-square-narrow-c00-teleop-sobol;mulligan/sim-square-narrow-c01-dagger-mulligan-no-cf;mulligan/sim-square-narrow-c01-sobol-policy-rollouts,
mulligan/sim-square-narrow-r01-mulligan-no-cf-divl,seed-3,2a285c7d9064bf14522be04b02b77b4b881a188d,release-1,sim,sim-square-narrow,r01,divl-agent,mulligan-no-cf,3,square_narrow_r1_mulligan_no_cf_human_only,150001,,,mulligan/sim-square-narrow-c00-teleop-sobol;mulligan/sim-square-narrow-c01-dagger-mulligan-no-cf;mulligan/sim-square-narrow-c01-sobol-policy-rollouts,
mulligan/sim-square-narrow-r01-mulligan-no-cf-divl,seed-4,2a285c7d9064bf14522be04b02b77b4b881a188d,release-1,sim,sim-square-narrow,r01,divl-agent,mulligan-no-cf,4,square_narrow_r1_mulligan_no_cf_human_only,150001,,,mulligan/sim-square-narrow-c00-teleop-sobol;mulligan/sim-square-narrow-c01-dagger-mulligan-no-cf;mulligan/sim-square-narrow-c01-sobol-policy-rollouts,
mulligan/sim-square-narrow-r01-mulligan-no-cf-divl,seed-5,2a285c7d9064bf14522be04b02b77b4b881a188d,release-1,sim,sim-square-narrow,r01,divl-agent,mulligan-no-cf,5,square_narrow_r1_mulligan_no_cf_human_only,150001,,,mulligan/sim-square-narrow-c00-teleop-sobol;mulligan/sim-square-narrow-c01-dagger-mulligan-no-cf;mulligan/sim-square-narrow-c01-sobol-policy-rollouts,
mulligan/sim-square-narrow-r01-mulligan-no-cf-idql,seed-1,ebd83d7166c583d0d75895b56fe111a702d722e6,release-1,sim,sim-square-narrow,r01,idql-agent,mulligan-no-cf,1,square_narrow_r1_mulligan_no_cf_human_only,150001,,,mulligan/sim-square-narrow-c00-teleop-sobol;mulligan/sim-square-narrow-c01-dagger-mulligan-no-cf;mulligan/sim-square-narrow-c01-sobol-policy-rollouts,
mulligan/sim-square-narrow-r01-mulligan-no-cf-idql,seed-2,ebd83d7166c583d0d75895b56fe111a702d722e6,release-1,sim,sim-square-narrow,r01,idql-agent,mulligan-no-cf,2,square_narrow_r1_mulligan_no_cf_human_only,150001,,,mulligan/sim-square-narrow-c00-teleop-sobol;mulligan/sim-square-narrow-c01-dagger-mulligan-no-cf;mulligan/sim-square-narrow-c01-sobol-policy-rollouts,
mulligan/sim-square-narrow-r01-mulligan-no-cf-idql,seed-3,ebd83d7166c583d0d75895b56fe111a702d722e6,release-1,sim,sim-square-narrow,r01,idql-agent,mulligan-no-cf,3,square_narrow_r1_mulligan_no_cf_human_only,150001,,,mulligan/sim-square-narrow-c00-teleop-sobol;mulligan/sim-square-narrow-c01-dagger-mulligan-no-cf;mulligan/sim-square-narrow-c01-sobol-policy-rollouts,
mulligan/sim-square-narrow-r01-mulligan-no-cf-idql,seed-4,ebd83d7166c583d0d75895b56fe111a702d722e6,release-1,sim,sim-square-narrow,r01,idql-agent,mulligan-no-cf,4,square_narrow_r1_mulligan_no_cf_human_only,150001,,,mulligan/sim-square-narrow-c00-teleop-sobol;mulligan/sim-square-narrow-c01-dagger-mulligan-no-cf;mulligan/sim-square-narrow-c01-sobol-policy-rollouts,
mulligan/sim-square-narrow-r01-mulligan-no-cf-idql,seed-5,ebd83d7166c583d0d75895b56fe111a702d722e6,release-1,sim,sim-square-narrow,r01,idql-agent,mulligan-no-cf,5,square_narrow_r1_mulligan_no_cf_human_only,150001,,,mulligan/sim-square-narrow-c00-teleop-sobol;mulligan/sim-square-narrow-c01-dagger-mulligan-no-cf;mulligan/sim-square-narrow-c01-sobol-policy-rollouts,
mulligan/sim-square-narrow-r01-sobol-no-cf-divl,seed-1,6d0407c3ebeccf05a8cb48a02a29f71925f9b00c,release-1,sim,sim-square-narrow,r01,divl-agent,sobol-no-cf,1,square_narrow_r1_sobol_no_cf_human_only,150001,,,mulligan/sim-square-narrow-c00-teleop-sobol;mulligan/sim-square-narrow-c01-dagger-sobol-no-cf;mulligan/sim-square-narrow-c01-sobol-policy-rollouts,
mulligan/sim-square-narrow-r01-sobol-no-cf-divl,seed-2,6d0407c3ebeccf05a8cb48a02a29f71925f9b00c,release-1,sim,sim-square-narrow,r01,divl-agent,sobol-no-cf,2,square_narrow_r1_sobol_no_cf_human_only,150001,,,mulligan/sim-square-narrow-c00-teleop-sobol;mulligan/sim-square-narrow-c01-dagger-sobol-no-cf;mulligan/sim-square-narrow-c01-sobol-policy-rollouts,
mulligan/sim-square-narrow-r01-sobol-no-cf-divl,seed-3,6d0407c3ebeccf05a8cb48a02a29f71925f9b00c,release-1,sim,sim-square-narrow,r01,divl-agent,sobol-no-cf,3,square_narrow_r1_sobol_no_cf_human_only,150001,,,mulligan/sim-square-narrow-c00-teleop-sobol;mulligan/sim-square-narrow-c01-dagger-sobol-no-cf;mulligan/sim-square-narrow-c01-sobol-policy-rollouts,
mulligan/sim-square-narrow-r01-sobol-no-cf-divl,seed-4,6d0407c3ebeccf05a8cb48a02a29f71925f9b00c,release-1,sim,sim-square-narrow,r01,divl-agent,sobol-no-cf,4,square_narrow_r1_sobol_no_cf_human_only,150001,,,mulligan/sim-square-narrow-c00-teleop-sobol;mulligan/sim-square-narrow-c01-dagger-sobol-no-cf;mulligan/sim-square-narrow-c01-sobol-policy-rollouts,
mulligan/sim-square-narrow-r01-sobol-no-cf-divl,seed-5,6d0407c3ebeccf05a8cb48a02a29f71925f9b00c,release-1,sim,sim-square-narrow,r01,divl-agent,sobol-no-cf,5,square_narrow_r1_sobol_no_cf_human_only,150001,,,mulligan/sim-square-narrow-c00-teleop-sobol;mulligan/sim-square-narrow-c01-dagger-sobol-no-cf;mulligan/sim-square-narrow-c01-sobol-policy-rollouts,
mulligan/sim-square-narrow-r01-sobol-no-cf-idql,seed-1,4dd7ed261093e2aa558a255abb6467677d145d62,release-1,sim,sim-square-narrow,r01,idql-agent,sobol-no-cf,1,square_narrow_r1_sobol_no_cf_human_only,150001,,,mulligan/sim-square-narrow-c00-teleop-sobol;mulligan/sim-square-narrow-c01-dagger-sobol-no-cf;mulligan/sim-square-narrow-c01-sobol-policy-rollouts,
mulligan/sim-square-narrow-r01-sobol-no-cf-idql,seed-2,4dd7ed261093e2aa558a255abb6467677d145d62,release-1,sim,sim-square-narrow,r01,idql-agent,sobol-no-cf,2,square_narrow_r1_sobol_no_cf_human_only,150001,,,mulligan/sim-square-narrow-c00-teleop-sobol;mulligan/sim-square-narrow-c01-dagger-sobol-no-cf;mulligan/sim-square-narrow-c01-sobol-policy-rollouts,
mulligan/sim-square-narrow-r01-sobol-no-cf-idql,seed-3,4dd7ed261093e2aa558a255abb6467677d145d62,release-1,sim,sim-square-narrow,r01,idql-agent,sobol-no-cf,3,square_narrow_r1_sobol_no_cf_human_only,150001,,,mulligan/sim-square-narrow-c00-teleop-sobol;mulligan/sim-square-narrow-c01-dagger-sobol-no-cf;mulligan/sim-square-narrow-c01-sobol-policy-rollouts,
mulligan/sim-square-narrow-r01-sobol-no-cf-idql,seed-4,4dd7ed261093e2aa558a255abb6467677d145d62,release-1,sim,sim-square-narrow,r01,idql-agent,sobol-no-cf,4,square_narrow_r1_sobol_no_cf_human_only,150001,,,mulligan/sim-square-narrow-c00-teleop-sobol;mulligan/sim-square-narrow-c01-dagger-sobol-no-cf;mulligan/sim-square-narrow-c01-sobol-policy-rollouts,
mulligan/sim-square-narrow-r01-sobol-no-cf-idql,seed-5,4dd7ed261093e2aa558a255abb6467677d145d62,release-1,sim,sim-square-narrow,r01,idql-agent,sobol-no-cf,5,square_narrow_r1_sobol_no_cf_human_only,150001,,,mulligan/sim-square-narrow-c00-teleop-sobol;mulligan/sim-square-narrow-c01-dagger-sobol-no-cf;mulligan/sim-square-narrow-c01-sobol-policy-rollouts,
mulligan/sim-square-narrow-r01-sobol-with-cf-divl,seed-1,3db581d0da88bef7fec6c0f27bbc39144ad9ef6e,release-1,sim,sim-square-narrow,r01,divl-agent,sobol-with-cf,1,square_narrow_r1_sobol_with_cf_human_only,150001,,,mulligan/sim-square-narrow-c00-teleop-sobol;mulligan/sim-square-narrow-c01-dagger-sobol-with-cf;mulligan/sim-square-narrow-c01-sobol-policy-rollouts,
mulligan/sim-square-narrow-r01-sobol-with-cf-divl,seed-2,3db581d0da88bef7fec6c0f27bbc39144ad9ef6e,release-1,sim,sim-square-narrow,r01,divl-agent,sobol-with-cf,2,square_narrow_r1_sobol_with_cf_human_only,150001,,,mulligan/sim-square-narrow-c00-teleop-sobol;mulligan/sim-square-narrow-c01-dagger-sobol-with-cf;mulligan/sim-square-narrow-c01-sobol-policy-rollouts,
mulligan/sim-square-narrow-r01-sobol-with-cf-divl,seed-3,3db581d0da88bef7fec6c0f27bbc39144ad9ef6e,release-1,sim,sim-square-narrow,r01,divl-agent,sobol-with-cf,3,square_narrow_r1_sobol_with_cf_human_only,150001,,,mulligan/sim-square-narrow-c00-teleop-sobol;mulligan/sim-square-narrow-c01-dagger-sobol-with-cf;mulligan/sim-square-narrow-c01-sobol-policy-rollouts,
mulligan/sim-square-narrow-r01-sobol-with-cf-divl,seed-4,3db581d0da88bef7fec6c0f27bbc39144ad9ef6e,release-1,sim,sim-square-narrow,r01,divl-agent,sobol-with-cf,4,square_narrow_r1_sobol_with_cf_human_only,150001,,,mulligan/sim-square-narrow-c00-teleop-sobol;mulligan/sim-square-narrow-c01-dagger-sobol-with-cf;mulligan/sim-square-narrow-c01-sobol-policy-rollouts,
mulligan/sim-square-narrow-r01-sobol-with-cf-divl,seed-5,3db581d0da88bef7fec6c0f27bbc39144ad9ef6e,release-1,sim,sim-square-narrow,r01,divl-agent,sobol-with-cf,5,square_narrow_r1_sobol_with_cf_human_only,150001,,,mulligan/sim-square-narrow-c00-teleop-sobol;mulligan/sim-square-narrow-c01-dagger-sobol-with-cf;mulligan/sim-square-narrow-c01-sobol-policy-rollouts,
mulligan/sim-square-narrow-r01-sobol-with-cf-idql,seed-1,4cfd11e054dccc9a04cf5fe59a12d20c9fe298fc,release-1,sim,sim-square-narrow,r01,idql-agent,sobol-with-cf,1,square_narrow_r1_sobol_with_cf_human_only,150001,,,mulligan/sim-square-narrow-c00-teleop-sobol;mulligan/sim-square-narrow-c01-dagger-sobol-with-cf;mulligan/sim-square-narrow-c01-sobol-policy-rollouts,
mulligan/sim-square-narrow-r01-sobol-with-cf-idql,seed-2,4cfd11e054dccc9a04cf5fe59a12d20c9fe298fc,release-1,sim,sim-square-narrow,r01,idql-agent,sobol-with-cf,2,square_narrow_r1_sobol_with_cf_human_only,150001,,,mulligan/sim-square-narrow-c00-teleop-sobol;mulligan/sim-square-narrow-c01-dagger-sobol-with-cf;mulligan/sim-square-narrow-c01-sobol-policy-rollouts,
mulligan/sim-square-narrow-r01-sobol-with-cf-idql,seed-3,4cfd11e054dccc9a04cf5fe59a12d20c9fe298fc,release-1,sim,sim-square-narrow,r01,idql-agent,sobol-with-cf,3,square_narrow_r1_sobol_with_cf_human_only,150001,,,mulligan/sim-square-narrow-c00-teleop-sobol;mulligan/sim-square-narrow-c01-dagger-sobol-with-cf;mulligan/sim-square-narrow-c01-sobol-policy-rollouts,
mulligan/sim-square-narrow-r01-sobol-with-cf-idql,seed-4,4cfd11e054dccc9a04cf5fe59a12d20c9fe298fc,release-1,sim,sim-square-narrow,r01,idql-agent,sobol-with-cf,4,square_narrow_r1_sobol_with_cf_human_only,150001,,,mulligan/sim-square-narrow-c00-teleop-sobol;mulligan/sim-square-narrow-c01-dagger-sobol-with-cf;mulligan/sim-square-narrow-c01-sobol-policy-rollouts,
mulligan/sim-square-narrow-r01-sobol-with-cf-idql,seed-5,4cfd11e054dccc9a04cf5fe59a12d20c9fe298fc,release-1,sim,sim-square-narrow,r01,idql-agent,sobol-with-cf,5,square_narrow_r1_sobol_with_cf_human_only,150001,,,mulligan/sim-square-narrow-c00-teleop-sobol;mulligan/sim-square-narrow-c01-dagger-sobol-with-cf;mulligan/sim-square-narrow-c01-sobol-policy-rollouts,
mulligan/sim-square-narrow-r02-auto-filtered-bc-n1-idql,seed-1,f9057d04c4ab2370eda530442fb8d08459eb9073,release-1,sim,sim-square-narrow,r02,idql-agent,auto-filtered-bc-n1,1,,150001,,,mulligan/sim-square-narrow-c00-teleop-baseline;mulligan/sim-square-narrow-c01-auto-bc-n1-shared-policy-rollouts;mulligan/sim-square-narrow-c02-auto-filtered-bc-n1-policy-rollouts,
mulligan/sim-square-narrow-r02-auto-filtered-bc-n1-idql,seed-2,f9057d04c4ab2370eda530442fb8d08459eb9073,release-1,sim,sim-square-narrow,r02,idql-agent,auto-filtered-bc-n1,2,,150001,,,mulligan/sim-square-narrow-c00-teleop-baseline;mulligan/sim-square-narrow-c01-auto-bc-n1-shared-policy-rollouts;mulligan/sim-square-narrow-c02-auto-filtered-bc-n1-policy-rollouts,
mulligan/sim-square-narrow-r02-auto-filtered-bc-n1-idql,seed-3,f9057d04c4ab2370eda530442fb8d08459eb9073,release-1,sim,sim-square-narrow,r02,idql-agent,auto-filtered-bc-n1,3,,150001,,,mulligan/sim-square-narrow-c00-teleop-baseline;mulligan/sim-square-narrow-c01-auto-bc-n1-shared-policy-rollouts;mulligan/sim-square-narrow-c02-auto-filtered-bc-n1-policy-rollouts,
mulligan/sim-square-narrow-r02-auto-filtered-bc-n1-idql,seed-4,f9057d04c4ab2370eda530442fb8d08459eb9073,release-1,sim,sim-square-narrow,r02,idql-agent,auto-filtered-bc-n1,4,,150001,,,mulligan/sim-square-narrow-c00-teleop-baseline;mulligan/sim-square-narrow-c01-auto-bc-n1-shared-policy-rollouts;mulligan/sim-square-narrow-c02-auto-filtered-bc-n1-policy-rollouts,
mulligan/sim-square-narrow-r02-auto-filtered-bc-n1-idql,seed-5,f9057d04c4ab2370eda530442fb8d08459eb9073,release-1,sim,sim-square-narrow,r02,idql-agent,auto-filtered-bc-n1,5,,150001,,,mulligan/sim-square-narrow-c00-teleop-baseline;mulligan/sim-square-narrow-c01-auto-bc-n1-shared-policy-rollouts;mulligan/sim-square-narrow-c02-auto-filtered-bc-n1-policy-rollouts,
mulligan/sim-square-narrow-r02-auto-iql-n32-divl,seed-1,993c27f4933d50f8808feb6f541be1bcd62cc59a,release-1,sim,sim-square-narrow,r02,divl-agent,auto-iql-n32,1,square_narrow_r2_auto_iql_n32,150001,,,mulligan/sim-square-narrow-c00-teleop-baseline;mulligan/sim-square-narrow-c01-auto-iql-n32-policy-rollouts;mulligan/sim-square-narrow-c02-auto-iql-n32-policy-rollouts,
mulligan/sim-square-narrow-r02-auto-iql-n32-divl,seed-2,993c27f4933d50f8808feb6f541be1bcd62cc59a,release-1,sim,sim-square-narrow,r02,divl-agent,auto-iql-n32,2,square_narrow_r2_auto_iql_n32,150001,,,mulligan/sim-square-narrow-c00-teleop-baseline;mulligan/sim-square-narrow-c01-auto-iql-n32-policy-rollouts;mulligan/sim-square-narrow-c02-auto-iql-n32-policy-rollouts,
mulligan/sim-square-narrow-r02-auto-iql-n32-divl,seed-3,993c27f4933d50f8808feb6f541be1bcd62cc59a,release-1,sim,sim-square-narrow,r02,divl-agent,auto-iql-n32,3,square_narrow_r2_auto_iql_n32,150001,,,mulligan/sim-square-narrow-c00-teleop-baseline;mulligan/sim-square-narrow-c01-auto-iql-n32-policy-rollouts;mulligan/sim-square-narrow-c02-auto-iql-n32-policy-rollouts,
mulligan/sim-square-narrow-r02-auto-iql-n32-divl,seed-4,993c27f4933d50f8808feb6f541be1bcd62cc59a,release-1,sim,sim-square-narrow,r02,divl-agent,auto-iql-n32,4,square_narrow_r2_auto_iql_n32,150001,,,mulligan/sim-square-narrow-c00-teleop-baseline;mulligan/sim-square-narrow-c01-auto-iql-n32-policy-rollouts;mulligan/sim-square-narrow-c02-auto-iql-n32-policy-rollouts,
mulligan/sim-square-narrow-r02-auto-iql-n32-divl,seed-5,993c27f4933d50f8808feb6f541be1bcd62cc59a,release-1,sim,sim-square-narrow,r02,divl-agent,auto-iql-n32,5,square_narrow_r2_auto_iql_n32,150001,,,mulligan/sim-square-narrow-c00-teleop-baseline;mulligan/sim-square-narrow-c01-auto-iql-n32-policy-rollouts;mulligan/sim-square-narrow-c02-auto-iql-n32-policy-rollouts,
mulligan/sim-square-narrow-r02-auto-iql-n32-idql,seed-1,c7726ae9505cab889b7f98bd2e4256b4239726d9,release-1,sim,sim-square-narrow,r02,idql-agent,auto-iql-n32,1,square_narrow_r2_auto_iql_n32,150001,,,mulligan/sim-square-narrow-c00-teleop-baseline;mulligan/sim-square-narrow-c01-auto-iql-n32-policy-rollouts;mulligan/sim-square-narrow-c02-auto-iql-n32-policy-rollouts,
mulligan/sim-square-narrow-r02-auto-iql-n32-idql,seed-2,c7726ae9505cab889b7f98bd2e4256b4239726d9,release-1,sim,sim-square-narrow,r02,idql-agent,auto-iql-n32,2,square_narrow_r2_auto_iql_n32,150001,,,mulligan/sim-square-narrow-c00-teleop-baseline;mulligan/sim-square-narrow-c01-auto-iql-n32-policy-rollouts;mulligan/sim-square-narrow-c02-auto-iql-n32-policy-rollouts,
mulligan/sim-square-narrow-r02-auto-iql-n32-idql,seed-3,c7726ae9505cab889b7f98bd2e4256b4239726d9,release-1,sim,sim-square-narrow,r02,idql-agent,auto-iql-n32,3,square_narrow_r2_auto_iql_n32,150001,,,mulligan/sim-square-narrow-c00-teleop-baseline;mulligan/sim-square-narrow-c01-auto-iql-n32-policy-rollouts;mulligan/sim-square-narrow-c02-auto-iql-n32-policy-rollouts,
mulligan/sim-square-narrow-r02-auto-iql-n32-idql,seed-4,c7726ae9505cab889b7f98bd2e4256b4239726d9,release-1,sim,sim-square-narrow,r02,idql-agent,auto-iql-n32,4,square_narrow_r2_auto_iql_n32,150001,,,mulligan/sim-square-narrow-c00-teleop-baseline;mulligan/sim-square-narrow-c01-auto-iql-n32-policy-rollouts;mulligan/sim-square-narrow-c02-auto-iql-n32-policy-rollouts,
mulligan/sim-square-narrow-r02-auto-iql-n32-idql,seed-5,c7726ae9505cab889b7f98bd2e4256b4239726d9,release-1,sim,sim-square-narrow,r02,idql-agent,auto-iql-n32,5,square_narrow_r2_auto_iql_n32,150001,,,mulligan/sim-square-narrow-c00-teleop-baseline;mulligan/sim-square-narrow-c01-auto-iql-n32-policy-rollouts;mulligan/sim-square-narrow-c02-auto-iql-n32-policy-rollouts,
mulligan/sim-square-narrow-r02-auto-iql-success-bc-n32-divl,seed-1,04c4667950ca630a097434bb0e480cfd517fdce3,release-1,sim,sim-square-narrow,r02,divl-agent,auto-iql-success-bc-n32,1,square_narrow_r2_auto_iql_success_bc_n32,150001,,,mulligan/sim-square-narrow-c00-teleop-baseline;mulligan/sim-square-narrow-c01-auto-iql-n32-policy-rollouts;mulligan/sim-square-narrow-c02-auto-iql-success-bc-n32-policy-rollouts,
mulligan/sim-square-narrow-r02-auto-iql-success-bc-n32-divl,seed-2,04c4667950ca630a097434bb0e480cfd517fdce3,release-1,sim,sim-square-narrow,r02,divl-agent,auto-iql-success-bc-n32,2,square_narrow_r2_auto_iql_success_bc_n32,150001,,,mulligan/sim-square-narrow-c00-teleop-baseline;mulligan/sim-square-narrow-c01-auto-iql-n32-policy-rollouts;mulligan/sim-square-narrow-c02-auto-iql-success-bc-n32-policy-rollouts,
mulligan/sim-square-narrow-r02-auto-iql-success-bc-n32-divl,seed-3,04c4667950ca630a097434bb0e480cfd517fdce3,release-1,sim,sim-square-narrow,r02,divl-agent,auto-iql-success-bc-n32,3,square_narrow_r2_auto_iql_success_bc_n32,150001,,,mulligan/sim-square-narrow-c00-teleop-baseline;mulligan/sim-square-narrow-c01-auto-iql-n32-policy-rollouts;mulligan/sim-square-narrow-c02-auto-iql-success-bc-n32-policy-rollouts,
mulligan/sim-square-narrow-r02-auto-iql-success-bc-n32-divl,seed-4,04c4667950ca630a097434bb0e480cfd517fdce3,release-1,sim,sim-square-narrow,r02,divl-agent,auto-iql-success-bc-n32,4,square_narrow_r2_auto_iql_success_bc_n32,150001,,,mulligan/sim-square-narrow-c00-teleop-baseline;mulligan/sim-square-narrow-c01-auto-iql-n32-policy-rollouts;mulligan/sim-square-narrow-c02-auto-iql-success-bc-n32-policy-rollouts,
mulligan/sim-square-narrow-r02-auto-iql-success-bc-n32-divl,seed-5,04c4667950ca630a097434bb0e480cfd517fdce3,release-1,sim,sim-square-narrow,r02,divl-agent,auto-iql-success-bc-n32,5,square_narrow_r2_auto_iql_success_bc_n32,150001,,,mulligan/sim-square-narrow-c00-teleop-baseline;mulligan/sim-square-narrow-c01-auto-iql-n32-policy-rollouts;mulligan/sim-square-narrow-c02-auto-iql-success-bc-n32-policy-rollouts,
mulligan/sim-square-narrow-r02-auto-iql-success-bc-n32-idql,seed-1,b98899e59b93cc763a5ddd44dbda8f32dde7bc68,release-1,sim,sim-square-narrow,r02,idql-agent,auto-iql-success-bc-n32,1,square_narrow_r2_auto_iql_success_bc_n32,150001,,,mulligan/sim-square-narrow-c00-teleop-baseline;mulligan/sim-square-narrow-c01-auto-iql-n32-policy-rollouts;mulligan/sim-square-narrow-c02-auto-iql-success-bc-n32-policy-rollouts,
mulligan/sim-square-narrow-r02-auto-iql-success-bc-n32-idql,seed-2,b98899e59b93cc763a5ddd44dbda8f32dde7bc68,release-1,sim,sim-square-narrow,r02,idql-agent,auto-iql-success-bc-n32,2,square_narrow_r2_auto_iql_success_bc_n32,150001,,,mulligan/sim-square-narrow-c00-teleop-baseline;mulligan/sim-square-narrow-c01-auto-iql-n32-policy-rollouts;mulligan/sim-square-narrow-c02-auto-iql-success-bc-n32-policy-rollouts,
mulligan/sim-square-narrow-r02-auto-iql-success-bc-n32-idql,seed-3,b98899e59b93cc763a5ddd44dbda8f32dde7bc68,release-1,sim,sim-square-narrow,r02,idql-agent,auto-iql-success-bc-n32,3,square_narrow_r2_auto_iql_success_bc_n32,150001,,,mulligan/sim-square-narrow-c00-teleop-baseline;mulligan/sim-square-narrow-c01-auto-iql-n32-policy-rollouts;mulligan/sim-square-narrow-c02-auto-iql-success-bc-n32-policy-rollouts,
mulligan/sim-square-narrow-r02-auto-iql-success-bc-n32-idql,seed-4,b98899e59b93cc763a5ddd44dbda8f32dde7bc68,release-1,sim,sim-square-narrow,r02,idql-agent,auto-iql-success-bc-n32,4,square_narrow_r2_auto_iql_success_bc_n32,150001,,,mulligan/sim-square-narrow-c00-teleop-baseline;mulligan/sim-square-narrow-c01-auto-iql-n32-policy-rollouts;mulligan/sim-square-narrow-c02-auto-iql-success-bc-n32-policy-rollouts,
mulligan/sim-square-narrow-r02-auto-iql-success-bc-n32-idql,seed-5,b98899e59b93cc763a5ddd44dbda8f32dde7bc68,release-1,sim,sim-square-narrow,r02,idql-agent,auto-iql-success-bc-n32,5,square_narrow_r2_auto_iql_success_bc_n32,150001,,,mulligan/sim-square-narrow-c00-teleop-baseline;mulligan/sim-square-narrow-c01-auto-iql-n32-policy-rollouts;mulligan/sim-square-narrow-c02-auto-iql-success-bc-n32-policy-rollouts,
mulligan/sim-square-narrow-r02-auto-plain-il-n1-idql,seed-1,9266354a67812a323f62c2dd094a03a3aa8f3103,release-1,sim,sim-square-narrow,r02,idql-agent,auto-plain-il-n1,1,,150001,,,mulligan/sim-square-narrow-c00-teleop-baseline;mulligan/sim-square-narrow-c01-auto-bc-n1-shared-policy-rollouts;mulligan/sim-square-narrow-c02-auto-plain-il-n1-policy-rollouts,
mulligan/sim-square-narrow-r02-auto-plain-il-n1-idql,seed-2,9266354a67812a323f62c2dd094a03a3aa8f3103,release-1,sim,sim-square-narrow,r02,idql-agent,auto-plain-il-n1,2,,150001,,,mulligan/sim-square-narrow-c00-teleop-baseline;mulligan/sim-square-narrow-c01-auto-bc-n1-shared-policy-rollouts;mulligan/sim-square-narrow-c02-auto-plain-il-n1-policy-rollouts,
mulligan/sim-square-narrow-r02-auto-plain-il-n1-idql,seed-3,9266354a67812a323f62c2dd094a03a3aa8f3103,release-1,sim,sim-square-narrow,r02,idql-agent,auto-plain-il-n1,3,,150001,,,mulligan/sim-square-narrow-c00-teleop-baseline;mulligan/sim-square-narrow-c01-auto-bc-n1-shared-policy-rollouts;mulligan/sim-square-narrow-c02-auto-plain-il-n1-policy-rollouts,
mulligan/sim-square-narrow-r02-auto-plain-il-n1-idql,seed-4,9266354a67812a323f62c2dd094a03a3aa8f3103,release-1,sim,sim-square-narrow,r02,idql-agent,auto-plain-il-n1,4,,150001,,,mulligan/sim-square-narrow-c00-teleop-baseline;mulligan/sim-square-narrow-c01-auto-bc-n1-shared-policy-rollouts;mulligan/sim-square-narrow-c02-auto-plain-il-n1-policy-rollouts,
mulligan/sim-square-narrow-r02-auto-plain-il-n1-idql,seed-5,9266354a67812a323f62c2dd094a03a3aa8f3103,release-1,sim,sim-square-narrow,r02,idql-agent,auto-plain-il-n1,5,,150001,,,mulligan/sim-square-narrow-c00-teleop-baseline;mulligan/sim-square-narrow-c01-auto-bc-n1-shared-policy-rollouts;mulligan/sim-square-narrow-c02-auto-plain-il-n1-policy-rollouts,
mulligan/sim-square-narrow-r02-baseline-divl,seed-1,b2ec23a3d96f4cc92ee8f6fa553b6d8c15f00172,release-1,sim,sim-square-narrow,r02,divl-agent,baseline,1,square_narrow_r2_baseline_uniform_no_cf_human_only,150001,,,mulligan/sim-square-narrow-c00-teleop-baseline;mulligan/sim-square-narrow-c01-baseline-policy-rollouts;mulligan/sim-square-narrow-c01-dagger-baseline;mulligan/sim-square-narrow-c02-baseline-policy-rollouts;mulligan/sim-square-narrow-c02-dagger-baseline,
mulligan/sim-square-narrow-r02-baseline-divl,seed-2,b2ec23a3d96f4cc92ee8f6fa553b6d8c15f00172,release-1,sim,sim-square-narrow,r02,divl-agent,baseline,2,square_narrow_r2_baseline_uniform_no_cf_human_only,150001,,,mulligan/sim-square-narrow-c00-teleop-baseline;mulligan/sim-square-narrow-c01-baseline-policy-rollouts;mulligan/sim-square-narrow-c01-dagger-baseline;mulligan/sim-square-narrow-c02-baseline-policy-rollouts;mulligan/sim-square-narrow-c02-dagger-baseline,
mulligan/sim-square-narrow-r02-baseline-divl,seed-3,b2ec23a3d96f4cc92ee8f6fa553b6d8c15f00172,release-1,sim,sim-square-narrow,r02,divl-agent,baseline,3,square_narrow_r2_baseline_uniform_no_cf_human_only,150001,,,mulligan/sim-square-narrow-c00-teleop-baseline;mulligan/sim-square-narrow-c01-baseline-policy-rollouts;mulligan/sim-square-narrow-c01-dagger-baseline;mulligan/sim-square-narrow-c02-baseline-policy-rollouts;mulligan/sim-square-narrow-c02-dagger-baseline,
mulligan/sim-square-narrow-r02-baseline-divl,seed-4,b2ec23a3d96f4cc92ee8f6fa553b6d8c15f00172,release-1,sim,sim-square-narrow,r02,divl-agent,baseline,4,square_narrow_r2_baseline_uniform_no_cf_human_only,150001,,,mulligan/sim-square-narrow-c00-teleop-baseline;mulligan/sim-square-narrow-c01-baseline-policy-rollouts;mulligan/sim-square-narrow-c01-dagger-baseline;mulligan/sim-square-narrow-c02-baseline-policy-rollouts;mulligan/sim-square-narrow-c02-dagger-baseline,
mulligan/sim-square-narrow-r02-baseline-divl,seed-5,b2ec23a3d96f4cc92ee8f6fa553b6d8c15f00172,release-1,sim,sim-square-narrow,r02,divl-agent,baseline,5,square_narrow_r2_baseline_uniform_no_cf_human_only,150001,,,mulligan/sim-square-narrow-c00-teleop-baseline;mulligan/sim-square-narrow-c01-baseline-policy-rollouts;mulligan/sim-square-narrow-c01-dagger-baseline;mulligan/sim-square-narrow-c02-baseline-policy-rollouts;mulligan/sim-square-narrow-c02-dagger-baseline,
mulligan/sim-square-narrow-r02-baseline-idql,seed-1,1a3fcc914759db11898764580c4a0d3d0c018dd4,release-1,sim,sim-square-narrow,r02,idql-agent,baseline,1,square_narrow_r2_baseline_uniform_no_cf_human_only,150001,,,mulligan/sim-square-narrow-c00-teleop-baseline;mulligan/sim-square-narrow-c01-baseline-policy-rollouts;mulligan/sim-square-narrow-c01-dagger-baseline;mulligan/sim-square-narrow-c02-baseline-policy-rollouts;mulligan/sim-square-narrow-c02-dagger-baseline,
mulligan/sim-square-narrow-r02-baseline-idql,seed-2,1a3fcc914759db11898764580c4a0d3d0c018dd4,release-1,sim,sim-square-narrow,r02,idql-agent,baseline,2,square_narrow_r2_baseline_uniform_no_cf_human_only,150001,,,mulligan/sim-square-narrow-c00-teleop-baseline;mulligan/sim-square-narrow-c01-baseline-policy-rollouts;mulligan/sim-square-narrow-c01-dagger-baseline;mulligan/sim-square-narrow-c02-baseline-policy-rollouts;mulligan/sim-square-narrow-c02-dagger-baseline,
mulligan/sim-square-narrow-r02-baseline-idql,seed-3,1a3fcc914759db11898764580c4a0d3d0c018dd4,release-1,sim,sim-square-narrow,r02,idql-agent,baseline,3,square_narrow_r2_baseline_uniform_no_cf_human_only,150001,,,mulligan/sim-square-narrow-c00-teleop-baseline;mulligan/sim-square-narrow-c01-baseline-policy-rollouts;mulligan/sim-square-narrow-c01-dagger-baseline;mulligan/sim-square-narrow-c02-baseline-policy-rollouts;mulligan/sim-square-narrow-c02-dagger-baseline,
mulligan/sim-square-narrow-r02-baseline-idql,seed-4,1a3fcc914759db11898764580c4a0d3d0c018dd4,release-1,sim,sim-square-narrow,r02,idql-agent,baseline,4,square_narrow_r2_baseline_uniform_no_cf_human_only,150001,,,mulligan/sim-square-narrow-c00-teleop-baseline;mulligan/sim-square-narrow-c01-baseline-policy-rollouts;mulligan/sim-square-narrow-c01-dagger-baseline;mulligan/sim-square-narrow-c02-baseline-policy-rollouts;mulligan/sim-square-narrow-c02-dagger-baseline,
mulligan/sim-square-narrow-r02-baseline-idql,seed-5,1a3fcc914759db11898764580c4a0d3d0c018dd4,release-1,sim,sim-square-narrow,r02,idql-agent,baseline,5,square_narrow_r2_baseline_uniform_no_cf_human_only,150001,,,mulligan/sim-square-narrow-c00-teleop-baseline;mulligan/sim-square-narrow-c01-baseline-policy-rollouts;mulligan/sim-square-narrow-c01-dagger-baseline;mulligan/sim-square-narrow-c02-baseline-policy-rollouts;mulligan/sim-square-narrow-c02-dagger-baseline,
mulligan/sim-square-narrow-r02-mulligan-divl,seed-1,bf496aba24460ffa37735d8d9c44661242b1750a,release-1,sim,sim-square-narrow,r02,divl-agent,mulligan,1,square_narrow_r2_mulligan_with_cf_human_only,150001,,,mulligan/sim-square-narrow-c00-teleop-sobol;mulligan/sim-square-narrow-c01-dagger-mulligan;mulligan/sim-square-narrow-c01-sobol-policy-rollouts;mulligan/sim-square-narrow-c02-dagger-mulligan;mulligan/sim-square-narrow-c02-mulligan-policy-rollouts,
mulligan/sim-square-narrow-r02-mulligan-divl,seed-2,bf496aba24460ffa37735d8d9c44661242b1750a,release-1,sim,sim-square-narrow,r02,divl-agent,mulligan,2,square_narrow_r2_mulligan_with_cf_human_only,150001,,,mulligan/sim-square-narrow-c00-teleop-sobol;mulligan/sim-square-narrow-c01-dagger-mulligan;mulligan/sim-square-narrow-c01-sobol-policy-rollouts;mulligan/sim-square-narrow-c02-dagger-mulligan;mulligan/sim-square-narrow-c02-mulligan-policy-rollouts,
mulligan/sim-square-narrow-r02-mulligan-divl,seed-3,bf496aba24460ffa37735d8d9c44661242b1750a,release-1,sim,sim-square-narrow,r02,divl-agent,mulligan,3,square_narrow_r2_mulligan_with_cf_human_only,150001,,,mulligan/sim-square-narrow-c00-teleop-sobol;mulligan/sim-square-narrow-c01-dagger-mulligan;mulligan/sim-square-narrow-c01-sobol-policy-rollouts;mulligan/sim-square-narrow-c02-dagger-mulligan;mulligan/sim-square-narrow-c02-mulligan-policy-rollouts,
mulligan/sim-square-narrow-r02-mulligan-divl,seed-4,bf496aba24460ffa37735d8d9c44661242b1750a,release-1,sim,sim-square-narrow,r02,divl-agent,mulligan,4,square_narrow_r2_mulligan_with_cf_human_only,150001,,,mulligan/sim-square-narrow-c00-teleop-sobol;mulligan/sim-square-narrow-c01-dagger-mulligan;mulligan/sim-square-narrow-c01-sobol-policy-rollouts;mulligan/sim-square-narrow-c02-dagger-mulligan;mulligan/sim-square-narrow-c02-mulligan-policy-rollouts,
mulligan/sim-square-narrow-r02-mulligan-divl,seed-5,bf496aba24460ffa37735d8d9c44661242b1750a,release-1,sim,sim-square-narrow,r02,divl-agent,mulligan,5,square_narrow_r2_mulligan_with_cf_human_only,150001,,,mulligan/sim-square-narrow-c00-teleop-sobol;mulligan/sim-square-narrow-c01-dagger-mulligan;mulligan/sim-square-narrow-c01-sobol-policy-rollouts;mulligan/sim-square-narrow-c02-dagger-mulligan;mulligan/sim-square-narrow-c02-mulligan-policy-rollouts,
mulligan/sim-square-narrow-r02-mulligan-idql,seed-1,e1ae81a0cd12c6e1e5fd7ddc1bfa338d3df99806,release-1,sim,sim-square-narrow,r02,idql-agent,mulligan,1,square_narrow_r2_mulligan_with_cf_human_only,150001,,,mulligan/sim-square-narrow-c00-teleop-sobol;mulligan/sim-square-narrow-c01-dagger-mulligan;mulligan/sim-square-narrow-c01-sobol-policy-rollouts;mulligan/sim-square-narrow-c02-dagger-mulligan;mulligan/sim-square-narrow-c02-mulligan-policy-rollouts,
mulligan/sim-square-narrow-r02-mulligan-idql,seed-2,e1ae81a0cd12c6e1e5fd7ddc1bfa338d3df99806,release-1,sim,sim-square-narrow,r02,idql-agent,mulligan,2,square_narrow_r2_mulligan_with_cf_human_only,150001,,,mulligan/sim-square-narrow-c00-teleop-sobol;mulligan/sim-square-narrow-c01-dagger-mulligan;mulligan/sim-square-narrow-c01-sobol-policy-rollouts;mulligan/sim-square-narrow-c02-dagger-mulligan;mulligan/sim-square-narrow-c02-mulligan-policy-rollouts,
mulligan/sim-square-narrow-r02-mulligan-idql,seed-3,e1ae81a0cd12c6e1e5fd7ddc1bfa338d3df99806,release-1,sim,sim-square-narrow,r02,idql-agent,mulligan,3,square_narrow_r2_mulligan_with_cf_human_only,150001,,,mulligan/sim-square-narrow-c00-teleop-sobol;mulligan/sim-square-narrow-c01-dagger-mulligan;mulligan/sim-square-narrow-c01-sobol-policy-rollouts;mulligan/sim-square-narrow-c02-dagger-mulligan;mulligan/sim-square-narrow-c02-mulligan-policy-rollouts,
mulligan/sim-square-narrow-r02-mulligan-idql,seed-4,e1ae81a0cd12c6e1e5fd7ddc1bfa338d3df99806,release-1,sim,sim-square-narrow,r02,idql-agent,mulligan,4,square_narrow_r2_mulligan_with_cf_human_only,150001,,,mulligan/sim-square-narrow-c00-teleop-sobol;mulligan/sim-square-narrow-c01-dagger-mulligan;mulligan/sim-square-narrow-c01-sobol-policy-rollouts;mulligan/sim-square-narrow-c02-dagger-mulligan;mulligan/sim-square-narrow-c02-mulligan-policy-rollouts,
mulligan/sim-square-narrow-r02-mulligan-idql,seed-5,e1ae81a0cd12c6e1e5fd7ddc1bfa338d3df99806,release-1,sim,sim-square-narrow,r02,idql-agent,mulligan,5,square_narrow_r2_mulligan_with_cf_human_only,150001,,,mulligan/sim-square-narrow-c00-teleop-sobol;mulligan/sim-square-narrow-c01-dagger-mulligan;mulligan/sim-square-narrow-c01-sobol-policy-rollouts;mulligan/sim-square-narrow-c02-dagger-mulligan;mulligan/sim-square-narrow-c02-mulligan-policy-rollouts,
mulligan/sim-square-narrow-r02-mulligan-no-cf-divl,seed-1,634c3075659b6aae32b1783eca1c65745ac929b1,release-1,sim,sim-square-narrow,r02,divl-agent,mulligan-no-cf,1,square_narrow_r2_mulligan_no_cf_human_only,150001,,,mulligan/sim-square-narrow-c00-teleop-sobol;mulligan/sim-square-narrow-c01-dagger-mulligan-no-cf;mulligan/sim-square-narrow-c01-sobol-policy-rollouts;mulligan/sim-square-narrow-c02-dagger-mulligan-no-cf;mulligan/sim-square-narrow-c02-mulligan-policy-rollouts,
mulligan/sim-square-narrow-r02-mulligan-no-cf-divl,seed-2,634c3075659b6aae32b1783eca1c65745ac929b1,release-1,sim,sim-square-narrow,r02,divl-agent,mulligan-no-cf,2,square_narrow_r2_mulligan_no_cf_human_only,150001,,,mulligan/sim-square-narrow-c00-teleop-sobol;mulligan/sim-square-narrow-c01-dagger-mulligan-no-cf;mulligan/sim-square-narrow-c01-sobol-policy-rollouts;mulligan/sim-square-narrow-c02-dagger-mulligan-no-cf;mulligan/sim-square-narrow-c02-mulligan-policy-rollouts,
mulligan/sim-square-narrow-r02-mulligan-no-cf-divl,seed-3,634c3075659b6aae32b1783eca1c65745ac929b1,release-1,sim,sim-square-narrow,r02,divl-agent,mulligan-no-cf,3,square_narrow_r2_mulligan_no_cf_human_only,150001,,,mulligan/sim-square-narrow-c00-teleop-sobol;mulligan/sim-square-narrow-c01-dagger-mulligan-no-cf;mulligan/sim-square-narrow-c01-sobol-policy-rollouts;mulligan/sim-square-narrow-c02-dagger-mulligan-no-cf;mulligan/sim-square-narrow-c02-mulligan-policy-rollouts,
mulligan/sim-square-narrow-r02-mulligan-no-cf-divl,seed-4,634c3075659b6aae32b1783eca1c65745ac929b1,release-1,sim,sim-square-narrow,r02,divl-agent,mulligan-no-cf,4,square_narrow_r2_mulligan_no_cf_human_only,150001,,,mulligan/sim-square-narrow-c00-teleop-sobol;mulligan/sim-square-narrow-c01-dagger-mulligan-no-cf;mulligan/sim-square-narrow-c01-sobol-policy-rollouts;mulligan/sim-square-narrow-c02-dagger-mulligan-no-cf;mulligan/sim-square-narrow-c02-mulligan-policy-rollouts,
mulligan/sim-square-narrow-r02-mulligan-no-cf-divl,seed-5,634c3075659b6aae32b1783eca1c65745ac929b1,release-1,sim,sim-square-narrow,r02,divl-agent,mulligan-no-cf,5,square_narrow_r2_mulligan_no_cf_human_only,150001,,,mulligan/sim-square-narrow-c00-teleop-sobol;mulligan/sim-square-narrow-c01-dagger-mulligan-no-cf;mulligan/sim-square-narrow-c01-sobol-policy-rollouts;mulligan/sim-square-narrow-c02-dagger-mulligan-no-cf;mulligan/sim-square-narrow-c02-mulligan-policy-rollouts,
mulligan/sim-square-narrow-r02-mulligan-no-cf-idql,seed-1,a087816b8fa937686b6f45011ffbbbc7acf093ef,release-1,sim,sim-square-narrow,r02,idql-agent,mulligan-no-cf,1,square_narrow_r2_mulligan_no_cf_human_only,150001,,,mulligan/sim-square-narrow-c00-teleop-sobol;mulligan/sim-square-narrow-c01-dagger-mulligan-no-cf;mulligan/sim-square-narrow-c01-sobol-policy-rollouts;mulligan/sim-square-narrow-c02-dagger-mulligan-no-cf;mulligan/sim-square-narrow-c02-mulligan-policy-rollouts,
mulligan/sim-square-narrow-r02-mulligan-no-cf-idql,seed-2,a087816b8fa937686b6f45011ffbbbc7acf093ef,release-1,sim,sim-square-narrow,r02,idql-agent,mulligan-no-cf,2,square_narrow_r2_mulligan_no_cf_human_only,150001,,,mulligan/sim-square-narrow-c00-teleop-sobol;mulligan/sim-square-narrow-c01-dagger-mulligan-no-cf;mulligan/sim-square-narrow-c01-sobol-policy-rollouts;mulligan/sim-square-narrow-c02-dagger-mulligan-no-cf;mulligan/sim-square-narrow-c02-mulligan-policy-rollouts,
mulligan/sim-square-narrow-r02-mulligan-no-cf-idql,seed-3,a087816b8fa937686b6f45011ffbbbc7acf093ef,release-1,sim,sim-square-narrow,r02,idql-agent,mulligan-no-cf,3,square_narrow_r2_mulligan_no_cf_human_only,150001,,,mulligan/sim-square-narrow-c00-teleop-sobol;mulligan/sim-square-narrow-c01-dagger-mulligan-no-cf;mulligan/sim-square-narrow-c01-sobol-policy-rollouts;mulligan/sim-square-narrow-c02-dagger-mulligan-no-cf;mulligan/sim-square-narrow-c02-mulligan-policy-rollouts,
mulligan/sim-square-narrow-r02-mulligan-no-cf-idql,seed-4,a087816b8fa937686b6f45011ffbbbc7acf093ef,release-1,sim,sim-square-narrow,r02,idql-agent,mulligan-no-cf,4,square_narrow_r2_mulligan_no_cf_human_only,150001,,,mulligan/sim-square-narrow-c00-teleop-sobol;mulligan/sim-square-narrow-c01-dagger-mulligan-no-cf;mulligan/sim-square-narrow-c01-sobol-policy-rollouts;mulligan/sim-square-narrow-c02-dagger-mulligan-no-cf;mulligan/sim-square-narrow-c02-mulligan-policy-rollouts,
mulligan/sim-square-narrow-r02-mulligan-no-cf-idql,seed-5,a087816b8fa937686b6f45011ffbbbc7acf093ef,release-1,sim,sim-square-narrow,r02,idql-agent,mulligan-no-cf,5,square_narrow_r2_mulligan_no_cf_human_only,150001,,,mulligan/sim-square-narrow-c00-teleop-sobol;mulligan/sim-square-narrow-c01-dagger-mulligan-no-cf;mulligan/sim-square-narrow-c01-sobol-policy-rollouts;mulligan/sim-square-narrow-c02-dagger-mulligan-no-cf;mulligan/sim-square-narrow-c02-mulligan-policy-rollouts,
mulligan/sim-square-narrow-r03-auto-filtered-bc-n1-idql,seed-1,ee0b24bca1923758c4442d45056149f1a9138b73,release-1,sim,sim-square-narrow,r03,idql-agent,auto-filtered-bc-n1,1,,150001,,,mulligan/sim-square-narrow-c00-teleop-baseline;mulligan/sim-square-narrow-c01-auto-bc-n1-shared-policy-rollouts;mulligan/sim-square-narrow-c02-auto-filtered-bc-n1-policy-rollouts;mulligan/sim-square-narrow-c03-auto-filtered-bc-n1-policy-rollouts,
mulligan/sim-square-narrow-r03-auto-filtered-bc-n1-idql,seed-2,ee0b24bca1923758c4442d45056149f1a9138b73,release-1,sim,sim-square-narrow,r03,idql-agent,auto-filtered-bc-n1,2,,150001,,,mulligan/sim-square-narrow-c00-teleop-baseline;mulligan/sim-square-narrow-c01-auto-bc-n1-shared-policy-rollouts;mulligan/sim-square-narrow-c02-auto-filtered-bc-n1-policy-rollouts;mulligan/sim-square-narrow-c03-auto-filtered-bc-n1-policy-rollouts,
mulligan/sim-square-narrow-r03-auto-filtered-bc-n1-idql,seed-3,ee0b24bca1923758c4442d45056149f1a9138b73,release-1,sim,sim-square-narrow,r03,idql-agent,auto-filtered-bc-n1,3,,150001,,,mulligan/sim-square-narrow-c00-teleop-baseline;mulligan/sim-square-narrow-c01-auto-bc-n1-shared-policy-rollouts;mulligan/sim-square-narrow-c02-auto-filtered-bc-n1-policy-rollouts;mulligan/sim-square-narrow-c03-auto-filtered-bc-n1-policy-rollouts,
mulligan/sim-square-narrow-r03-auto-filtered-bc-n1-idql,seed-4,ee0b24bca1923758c4442d45056149f1a9138b73,release-1,sim,sim-square-narrow,r03,idql-agent,auto-filtered-bc-n1,4,,150001,,,mulligan/sim-square-narrow-c00-teleop-baseline;mulligan/sim-square-narrow-c01-auto-bc-n1-shared-policy-rollouts;mulligan/sim-square-narrow-c02-auto-filtered-bc-n1-policy-rollouts;mulligan/sim-square-narrow-c03-auto-filtered-bc-n1-policy-rollouts,
mulligan/sim-square-narrow-r03-auto-filtered-bc-n1-idql,seed-5,ee0b24bca1923758c4442d45056149f1a9138b73,release-1,sim,sim-square-narrow,r03,idql-agent,auto-filtered-bc-n1,5,,150001,,,mulligan/sim-square-narrow-c00-teleop-baseline;mulligan/sim-square-narrow-c01-auto-bc-n1-shared-policy-rollouts;mulligan/sim-square-narrow-c02-auto-filtered-bc-n1-policy-rollouts;mulligan/sim-square-narrow-c03-auto-filtered-bc-n1-policy-rollouts,
mulligan/sim-square-narrow-r03-auto-iql-n32-divl,seed-1,42cfb5933475946bd1abeb1a615ca3808a43cce8,release-1,sim,sim-square-narrow,r03,divl-agent,auto-iql-n32,1,square_narrow_r3_auto_iql_n32,150001,,,mulligan/sim-square-narrow-c00-teleop-baseline;mulligan/sim-square-narrow-c01-auto-iql-n32-policy-rollouts;mulligan/sim-square-narrow-c02-auto-iql-n32-policy-rollouts;mulligan/sim-square-narrow-c03-auto-iql-n32-policy-rollouts,
mulligan/sim-square-narrow-r03-auto-iql-n32-divl,seed-2,42cfb5933475946bd1abeb1a615ca3808a43cce8,release-1,sim,sim-square-narrow,r03,divl-agent,auto-iql-n32,2,square_narrow_r3_auto_iql_n32,150001,,,mulligan/sim-square-narrow-c00-teleop-baseline;mulligan/sim-square-narrow-c01-auto-iql-n32-policy-rollouts;mulligan/sim-square-narrow-c02-auto-iql-n32-policy-rollouts;mulligan/sim-square-narrow-c03-auto-iql-n32-policy-rollouts,
mulligan/sim-square-narrow-r03-auto-iql-n32-divl,seed-3,42cfb5933475946bd1abeb1a615ca3808a43cce8,release-1,sim,sim-square-narrow,r03,divl-agent,auto-iql-n32,3,square_narrow_r3_auto_iql_n32,150001,,,mulligan/sim-square-narrow-c00-teleop-baseline;mulligan/sim-square-narrow-c01-auto-iql-n32-policy-rollouts;mulligan/sim-square-narrow-c02-auto-iql-n32-policy-rollouts;mulligan/sim-square-narrow-c03-auto-iql-n32-policy-rollouts,
mulligan/sim-square-narrow-r03-auto-iql-n32-divl,seed-4,42cfb5933475946bd1abeb1a615ca3808a43cce8,release-1,sim,sim-square-narrow,r03,divl-agent,auto-iql-n32,4,square_narrow_r3_auto_iql_n32,150001,,,mulligan/sim-square-narrow-c00-teleop-baseline;mulligan/sim-square-narrow-c01-auto-iql-n32-policy-rollouts;mulligan/sim-square-narrow-c02-auto-iql-n32-policy-rollouts;mulligan/sim-square-narrow-c03-auto-iql-n32-policy-rollouts,
mulligan/sim-square-narrow-r03-auto-iql-n32-divl,seed-5,42cfb5933475946bd1abeb1a615ca3808a43cce8,release-1,sim,sim-square-narrow,r03,divl-agent,auto-iql-n32,5,square_narrow_r3_auto_iql_n32,150001,,,mulligan/sim-square-narrow-c00-teleop-baseline;mulligan/sim-square-narrow-c01-auto-iql-n32-policy-rollouts;mulligan/sim-square-narrow-c02-auto-iql-n32-policy-rollouts;mulligan/sim-square-narrow-c03-auto-iql-n32-policy-rollouts,
mulligan/sim-square-narrow-r03-auto-iql-n32-idql,seed-1,94f7392fb27271b97a657161596abff342322507,release-1,sim,sim-square-narrow,r03,idql-agent,auto-iql-n32,1,square_narrow_r3_auto_iql_n32,150001,,,mulligan/sim-square-narrow-c00-teleop-baseline;mulligan/sim-square-narrow-c01-auto-iql-n32-policy-rollouts;mulligan/sim-square-narrow-c02-auto-iql-n32-policy-rollouts;mulligan/sim-square-narrow-c03-auto-iql-n32-policy-rollouts,
mulligan/sim-square-narrow-r03-auto-iql-n32-idql,seed-2,94f7392fb27271b97a657161596abff342322507,release-1,sim,sim-square-narrow,r03,idql-agent,auto-iql-n32,2,square_narrow_r3_auto_iql_n32,150001,,,mulligan/sim-square-narrow-c00-teleop-baseline;mulligan/sim-square-narrow-c01-auto-iql-n32-policy-rollouts;mulligan/sim-square-narrow-c02-auto-iql-n32-policy-rollouts;mulligan/sim-square-narrow-c03-auto-iql-n32-policy-rollouts,
mulligan/sim-square-narrow-r03-auto-iql-n32-idql,seed-3,94f7392fb27271b97a657161596abff342322507,release-1,sim,sim-square-narrow,r03,idql-agent,auto-iql-n32,3,square_narrow_r3_auto_iql_n32,150001,,,mulligan/sim-square-narrow-c00-teleop-baseline;mulligan/sim-square-narrow-c01-auto-iql-n32-policy-rollouts;mulligan/sim-square-narrow-c02-auto-iql-n32-policy-rollouts;mulligan/sim-square-narrow-c03-auto-iql-n32-policy-rollouts,
mulligan/sim-square-narrow-r03-auto-iql-n32-idql,seed-4,94f7392fb27271b97a657161596abff342322507,release-1,sim,sim-square-narrow,r03,idql-agent,auto-iql-n32,4,square_narrow_r3_auto_iql_n32,150001,,,mulligan/sim-square-narrow-c00-teleop-baseline;mulligan/sim-square-narrow-c01-auto-iql-n32-policy-rollouts;mulligan/sim-square-narrow-c02-auto-iql-n32-policy-rollouts;mulligan/sim-square-narrow-c03-auto-iql-n32-policy-rollouts,
mulligan/sim-square-narrow-r03-auto-iql-n32-idql,seed-5,94f7392fb27271b97a657161596abff342322507,release-1,sim,sim-square-narrow,r03,idql-agent,auto-iql-n32,5,square_narrow_r3_auto_iql_n32,150001,,,mulligan/sim-square-narrow-c00-teleop-baseline;mulligan/sim-square-narrow-c01-auto-iql-n32-policy-rollouts;mulligan/sim-square-narrow-c02-auto-iql-n32-policy-rollouts;mulligan/sim-square-narrow-c03-auto-iql-n32-policy-rollouts,
mulligan/sim-square-narrow-r03-auto-iql-success-bc-n32-divl,seed-1,3e1fbd63abaf1d44ac12fa88078578753743807f,release-1,sim,sim-square-narrow,r03,divl-agent,auto-iql-success-bc-n32,1,square_narrow_r3_auto_iql_success_bc_n32,150001,,,mulligan/sim-square-narrow-c00-teleop-baseline;mulligan/sim-square-narrow-c01-auto-iql-n32-policy-rollouts;mulligan/sim-square-narrow-c02-auto-iql-success-bc-n32-policy-rollouts;mulligan/sim-square-narrow-c03-auto-iql-success-bc-n32-policy-rollouts,
mulligan/sim-square-narrow-r03-auto-iql-success-bc-n32-divl,seed-2,3e1fbd63abaf1d44ac12fa88078578753743807f,release-1,sim,sim-square-narrow,r03,divl-agent,auto-iql-success-bc-n32,2,square_narrow_r3_auto_iql_success_bc_n32,150001,,,mulligan/sim-square-narrow-c00-teleop-baseline;mulligan/sim-square-narrow-c01-auto-iql-n32-policy-rollouts;mulligan/sim-square-narrow-c02-auto-iql-success-bc-n32-policy-rollouts;mulligan/sim-square-narrow-c03-auto-iql-success-bc-n32-policy-rollouts,
mulligan/sim-square-narrow-r03-auto-iql-success-bc-n32-divl,seed-3,3e1fbd63abaf1d44ac12fa88078578753743807f,release-1,sim,sim-square-narrow,r03,divl-agent,auto-iql-success-bc-n32,3,square_narrow_r3_auto_iql_success_bc_n32,150001,,,mulligan/sim-square-narrow-c00-teleop-baseline;mulligan/sim-square-narrow-c01-auto-iql-n32-policy-rollouts;mulligan/sim-square-narrow-c02-auto-iql-success-bc-n32-policy-rollouts;mulligan/sim-square-narrow-c03-auto-iql-success-bc-n32-policy-rollouts,
mulligan/sim-square-narrow-r03-auto-iql-success-bc-n32-divl,seed-4,3e1fbd63abaf1d44ac12fa88078578753743807f,release-1,sim,sim-square-narrow,r03,divl-agent,auto-iql-success-bc-n32,4,square_narrow_r3_auto_iql_success_bc_n32,150001,,,mulligan/sim-square-narrow-c00-teleop-baseline;mulligan/sim-square-narrow-c01-auto-iql-n32-policy-rollouts;mulligan/sim-square-narrow-c02-auto-iql-success-bc-n32-policy-rollouts;mulligan/sim-square-narrow-c03-auto-iql-success-bc-n32-policy-rollouts,
mulligan/sim-square-narrow-r03-auto-iql-success-bc-n32-divl,seed-5,3e1fbd63abaf1d44ac12fa88078578753743807f,release-1,sim,sim-square-narrow,r03,divl-agent,auto-iql-success-bc-n32,5,square_narrow_r3_auto_iql_success_bc_n32,150001,,,mulligan/sim-square-narrow-c00-teleop-baseline;mulligan/sim-square-narrow-c01-auto-iql-n32-policy-rollouts;mulligan/sim-square-narrow-c02-auto-iql-success-bc-n32-policy-rollouts;mulligan/sim-square-narrow-c03-auto-iql-success-bc-n32-policy-rollouts,
mulligan/sim-square-narrow-r03-auto-iql-success-bc-n32-idql,seed-1,88f1904626046081f23626613516893857231423,release-1,sim,sim-square-narrow,r03,idql-agent,auto-iql-success-bc-n32,1,square_narrow_r3_auto_iql_success_bc_n32,150001,,,mulligan/sim-square-narrow-c00-teleop-baseline;mulligan/sim-square-narrow-c01-auto-iql-n32-policy-rollouts;mulligan/sim-square-narrow-c02-auto-iql-success-bc-n32-policy-rollouts;mulligan/sim-square-narrow-c03-auto-iql-success-bc-n32-policy-rollouts,
mulligan/sim-square-narrow-r03-auto-iql-success-bc-n32-idql,seed-2,88f1904626046081f23626613516893857231423,release-1,sim,sim-square-narrow,r03,idql-agent,auto-iql-success-bc-n32,2,square_narrow_r3_auto_iql_success_bc_n32,150001,,,mulligan/sim-square-narrow-c00-teleop-baseline;mulligan/sim-square-narrow-c01-auto-iql-n32-policy-rollouts;mulligan/sim-square-narrow-c02-auto-iql-success-bc-n32-policy-rollouts;mulligan/sim-square-narrow-c03-auto-iql-success-bc-n32-policy-rollouts,
mulligan/sim-square-narrow-r03-auto-iql-success-bc-n32-idql,seed-3,88f1904626046081f23626613516893857231423,release-1,sim,sim-square-narrow,r03,idql-agent,auto-iql-success-bc-n32,3,square_narrow_r3_auto_iql_success_bc_n32,150001,,,mulligan/sim-square-narrow-c00-teleop-baseline;mulligan/sim-square-narrow-c01-auto-iql-n32-policy-rollouts;mulligan/sim-square-narrow-c02-auto-iql-success-bc-n32-policy-rollouts;mulligan/sim-square-narrow-c03-auto-iql-success-bc-n32-policy-rollouts,
mulligan/sim-square-narrow-r03-auto-iql-success-bc-n32-idql,seed-4,88f1904626046081f23626613516893857231423,release-1,sim,sim-square-narrow,r03,idql-agent,auto-iql-success-bc-n32,4,square_narrow_r3_auto_iql_success_bc_n32,150001,,,mulligan/sim-square-narrow-c00-teleop-baseline;mulligan/sim-square-narrow-c01-auto-iql-n32-policy-rollouts;mulligan/sim-square-narrow-c02-auto-iql-success-bc-n32-policy-rollouts;mulligan/sim-square-narrow-c03-auto-iql-success-bc-n32-policy-rollouts,
mulligan/sim-square-narrow-r03-auto-iql-success-bc-n32-idql,seed-5,88f1904626046081f23626613516893857231423,release-1,sim,sim-square-narrow,r03,idql-agent,auto-iql-success-bc-n32,5,square_narrow_r3_auto_iql_success_bc_n32,150001,,,mulligan/sim-square-narrow-c00-teleop-baseline;mulligan/sim-square-narrow-c01-auto-iql-n32-policy-rollouts;mulligan/sim-square-narrow-c02-auto-iql-success-bc-n32-policy-rollouts;mulligan/sim-square-narrow-c03-auto-iql-success-bc-n32-policy-rollouts,
mulligan/sim-square-narrow-r03-auto-plain-il-n1-idql,seed-1,3d07adf10cc7cd8e28fe1ece6268dbde68a8cda7,release-1,sim,sim-square-narrow,r03,idql-agent,auto-plain-il-n1,1,,150001,,,mulligan/sim-square-narrow-c00-teleop-baseline;mulligan/sim-square-narrow-c01-auto-bc-n1-shared-policy-rollouts;mulligan/sim-square-narrow-c02-auto-plain-il-n1-policy-rollouts;mulligan/sim-square-narrow-c03-auto-plain-il-n1-policy-rollouts,
mulligan/sim-square-narrow-r03-auto-plain-il-n1-idql,seed-2,3d07adf10cc7cd8e28fe1ece6268dbde68a8cda7,release-1,sim,sim-square-narrow,r03,idql-agent,auto-plain-il-n1,2,,150001,,,mulligan/sim-square-narrow-c00-teleop-baseline;mulligan/sim-square-narrow-c01-auto-bc-n1-shared-policy-rollouts;mulligan/sim-square-narrow-c02-auto-plain-il-n1-policy-rollouts;mulligan/sim-square-narrow-c03-auto-plain-il-n1-policy-rollouts,
mulligan/sim-square-narrow-r03-auto-plain-il-n1-idql,seed-3,3d07adf10cc7cd8e28fe1ece6268dbde68a8cda7,release-1,sim,sim-square-narrow,r03,idql-agent,auto-plain-il-n1,3,,150001,,,mulligan/sim-square-narrow-c00-teleop-baseline;mulligan/sim-square-narrow-c01-auto-bc-n1-shared-policy-rollouts;mulligan/sim-square-narrow-c02-auto-plain-il-n1-policy-rollouts;mulligan/sim-square-narrow-c03-auto-plain-il-n1-policy-rollouts,
mulligan/sim-square-narrow-r03-auto-plain-il-n1-idql,seed-4,3d07adf10cc7cd8e28fe1ece6268dbde68a8cda7,release-1,sim,sim-square-narrow,r03,idql-agent,auto-plain-il-n1,4,,150001,,,mulligan/sim-square-narrow-c00-teleop-baseline;mulligan/sim-square-narrow-c01-auto-bc-n1-shared-policy-rollouts;mulligan/sim-square-narrow-c02-auto-plain-il-n1-policy-rollouts;mulligan/sim-square-narrow-c03-auto-plain-il-n1-policy-rollouts,
mulligan/sim-square-narrow-r03-auto-plain-il-n1-idql,seed-5,3d07adf10cc7cd8e28fe1ece6268dbde68a8cda7,release-1,sim,sim-square-narrow,r03,idql-agent,auto-plain-il-n1,5,,150001,,,mulligan/sim-square-narrow-c00-teleop-baseline;mulligan/sim-square-narrow-c01-auto-bc-n1-shared-policy-rollouts;mulligan/sim-square-narrow-c02-auto-plain-il-n1-policy-rollouts;mulligan/sim-square-narrow-c03-auto-plain-il-n1-policy-rollouts,
mulligan/sim-square-narrow-r03-baseline-divl,seed-1,414c3494f57c66239110dfdecfd4cc6d44f52635,release-1,sim,sim-square-narrow,r03,divl-agent,baseline,1,square_narrow_r3_baseline_uniform_no_cf_human_only,150001,,,mulligan/sim-square-narrow-c00-teleop-baseline;mulligan/sim-square-narrow-c01-baseline-policy-rollouts;mulligan/sim-square-narrow-c01-dagger-baseline;mulligan/sim-square-narrow-c02-baseline-policy-rollouts;mulligan/sim-square-narrow-c02-dagger-baseline;mulligan/sim-square-narrow-c03-dagger-baseline,
mulligan/sim-square-narrow-r03-baseline-divl,seed-2,414c3494f57c66239110dfdecfd4cc6d44f52635,release-1,sim,sim-square-narrow,r03,divl-agent,baseline,2,square_narrow_r3_baseline_uniform_no_cf_human_only,150001,,,mulligan/sim-square-narrow-c00-teleop-baseline;mulligan/sim-square-narrow-c01-baseline-policy-rollouts;mulligan/sim-square-narrow-c01-dagger-baseline;mulligan/sim-square-narrow-c02-baseline-policy-rollouts;mulligan/sim-square-narrow-c02-dagger-baseline;mulligan/sim-square-narrow-c03-dagger-baseline,
mulligan/sim-square-narrow-r03-baseline-divl,seed-3,414c3494f57c66239110dfdecfd4cc6d44f52635,release-1,sim,sim-square-narrow,r03,divl-agent,baseline,3,square_narrow_r3_baseline_uniform_no_cf_human_only,150001,,,mulligan/sim-square-narrow-c00-teleop-baseline;mulligan/sim-square-narrow-c01-baseline-policy-rollouts;mulligan/sim-square-narrow-c01-dagger-baseline;mulligan/sim-square-narrow-c02-baseline-policy-rollouts;mulligan/sim-square-narrow-c02-dagger-baseline;mulligan/sim-square-narrow-c03-dagger-baseline,
mulligan/sim-square-narrow-r03-baseline-divl,seed-4,414c3494f57c66239110dfdecfd4cc6d44f52635,release-1,sim,sim-square-narrow,r03,divl-agent,baseline,4,square_narrow_r3_baseline_uniform_no_cf_human_only,150001,,,mulligan/sim-square-narrow-c00-teleop-baseline;mulligan/sim-square-narrow-c01-baseline-policy-rollouts;mulligan/sim-square-narrow-c01-dagger-baseline;mulligan/sim-square-narrow-c02-baseline-policy-rollouts;mulligan/sim-square-narrow-c02-dagger-baseline;mulligan/sim-square-narrow-c03-dagger-baseline,
mulligan/sim-square-narrow-r03-baseline-divl,seed-5,414c3494f57c66239110dfdecfd4cc6d44f52635,release-1,sim,sim-square-narrow,r03,divl-agent,baseline,5,square_narrow_r3_baseline_uniform_no_cf_human_only,150001,,,mulligan/sim-square-narrow-c00-teleop-baseline;mulligan/sim-square-narrow-c01-baseline-policy-rollouts;mulligan/sim-square-narrow-c01-dagger-baseline;mulligan/sim-square-narrow-c02-baseline-policy-rollouts;mulligan/sim-square-narrow-c02-dagger-baseline;mulligan/sim-square-narrow-c03-dagger-baseline,
mulligan/sim-square-narrow-r03-baseline-idql,seed-1,ae2a8389dd36a07402199acd5abd405cba660625,release-1,sim,sim-square-narrow,r03,idql-agent,baseline,1,square_narrow_r3_baseline_uniform_no_cf_human_only,150001,,,mulligan/sim-square-narrow-c00-teleop-baseline;mulligan/sim-square-narrow-c01-baseline-policy-rollouts;mulligan/sim-square-narrow-c01-dagger-baseline;mulligan/sim-square-narrow-c02-baseline-policy-rollouts;mulligan/sim-square-narrow-c02-dagger-baseline;mulligan/sim-square-narrow-c03-dagger-baseline,
mulligan/sim-square-narrow-r03-baseline-idql,seed-2,ae2a8389dd36a07402199acd5abd405cba660625,release-1,sim,sim-square-narrow,r03,idql-agent,baseline,2,square_narrow_r3_baseline_uniform_no_cf_human_only,150001,,,mulligan/sim-square-narrow-c00-teleop-baseline;mulligan/sim-square-narrow-c01-baseline-policy-rollouts;mulligan/sim-square-narrow-c01-dagger-baseline;mulligan/sim-square-narrow-c02-baseline-policy-rollouts;mulligan/sim-square-narrow-c02-dagger-baseline;mulligan/sim-square-narrow-c03-dagger-baseline,
mulligan/sim-square-narrow-r03-baseline-idql,seed-3,ae2a8389dd36a07402199acd5abd405cba660625,release-1,sim,sim-square-narrow,r03,idql-agent,baseline,3,square_narrow_r3_baseline_uniform_no_cf_human_only,150001,,,mulligan/sim-square-narrow-c00-teleop-baseline;mulligan/sim-square-narrow-c01-baseline-policy-rollouts;mulligan/sim-square-narrow-c01-dagger-baseline;mulligan/sim-square-narrow-c02-baseline-policy-rollouts;mulligan/sim-square-narrow-c02-dagger-baseline;mulligan/sim-square-narrow-c03-dagger-baseline,
mulligan/sim-square-narrow-r03-baseline-idql,seed-4,ae2a8389dd36a07402199acd5abd405cba660625,release-1,sim,sim-square-narrow,r03,idql-agent,baseline,4,square_narrow_r3_baseline_uniform_no_cf_human_only,150001,,,mulligan/sim-square-narrow-c00-teleop-baseline;mulligan/sim-square-narrow-c01-baseline-policy-rollouts;mulligan/sim-square-narrow-c01-dagger-baseline;mulligan/sim-square-narrow-c02-baseline-policy-rollouts;mulligan/sim-square-narrow-c02-dagger-baseline;mulligan/sim-square-narrow-c03-dagger-baseline,
mulligan/sim-square-narrow-r03-baseline-idql,seed-5,ae2a8389dd36a07402199acd5abd405cba660625,release-1,sim,sim-square-narrow,r03,idql-agent,baseline,5,square_narrow_r3_baseline_uniform_no_cf_human_only,150001,,,mulligan/sim-square-narrow-c00-teleop-baseline;mulligan/sim-square-narrow-c01-baseline-policy-rollouts;mulligan/sim-square-narrow-c01-dagger-baseline;mulligan/sim-square-narrow-c02-baseline-policy-rollouts;mulligan/sim-square-narrow-c02-dagger-baseline;mulligan/sim-square-narrow-c03-dagger-baseline,
mulligan/sim-square-narrow-r03-baseline-with-c03-rollouts-divl,seed-1,dd35592eeba7a42728781a3b4acce2a40c840ffc,release-1,sim,sim-square-narrow,r03,divl-agent,baseline-with-c03-rollouts,1,square_narrow_r3_baseline_uniform_no_cf_human_only_with_c03_rollouts,150001,,,mulligan/sim-square-narrow-c00-teleop-baseline;mulligan/sim-square-narrow-c01-baseline-policy-rollouts;mulligan/sim-square-narrow-c01-dagger-baseline;mulligan/sim-square-narrow-c02-baseline-policy-rollouts;mulligan/sim-square-narrow-c02-dagger-baseline;mulligan/sim-square-narrow-c03-baseline-policy-rollouts;mulligan/sim-square-narrow-c03-dagger-baseline,
mulligan/sim-square-narrow-r03-baseline-with-c03-rollouts-divl,seed-2,dd35592eeba7a42728781a3b4acce2a40c840ffc,release-1,sim,sim-square-narrow,r03,divl-agent,baseline-with-c03-rollouts,2,square_narrow_r3_baseline_uniform_no_cf_human_only_with_c03_rollouts,150001,,,mulligan/sim-square-narrow-c00-teleop-baseline;mulligan/sim-square-narrow-c01-baseline-policy-rollouts;mulligan/sim-square-narrow-c01-dagger-baseline;mulligan/sim-square-narrow-c02-baseline-policy-rollouts;mulligan/sim-square-narrow-c02-dagger-baseline;mulligan/sim-square-narrow-c03-baseline-policy-rollouts;mulligan/sim-square-narrow-c03-dagger-baseline,
mulligan/sim-square-narrow-r03-baseline-with-c03-rollouts-divl,seed-3,dd35592eeba7a42728781a3b4acce2a40c840ffc,release-1,sim,sim-square-narrow,r03,divl-agent,baseline-with-c03-rollouts,3,square_narrow_r3_baseline_uniform_no_cf_human_only_with_c03_rollouts,150001,,,mulligan/sim-square-narrow-c00-teleop-baseline;mulligan/sim-square-narrow-c01-baseline-policy-rollouts;mulligan/sim-square-narrow-c01-dagger-baseline;mulligan/sim-square-narrow-c02-baseline-policy-rollouts;mulligan/sim-square-narrow-c02-dagger-baseline;mulligan/sim-square-narrow-c03-baseline-policy-rollouts;mulligan/sim-square-narrow-c03-dagger-baseline,
mulligan/sim-square-narrow-r03-baseline-with-c03-rollouts-divl,seed-4,dd35592eeba7a42728781a3b4acce2a40c840ffc,release-1,sim,sim-square-narrow,r03,divl-agent,baseline-with-c03-rollouts,4,square_narrow_r3_baseline_uniform_no_cf_human_only_with_c03_rollouts,150001,,,mulligan/sim-square-narrow-c00-teleop-baseline;mulligan/sim-square-narrow-c01-baseline-policy-rollouts;mulligan/sim-square-narrow-c01-dagger-baseline;mulligan/sim-square-narrow-c02-baseline-policy-rollouts;mulligan/sim-square-narrow-c02-dagger-baseline;mulligan/sim-square-narrow-c03-baseline-policy-rollouts;mulligan/sim-square-narrow-c03-dagger-baseline,
mulligan/sim-square-narrow-r03-baseline-with-c03-rollouts-divl,seed-5,dd35592eeba7a42728781a3b4acce2a40c840ffc,release-1,sim,sim-square-narrow,r03,divl-agent,baseline-with-c03-rollouts,5,square_narrow_r3_baseline_uniform_no_cf_human_only_with_c03_rollouts,150001,,,mulligan/sim-square-narrow-c00-teleop-baseline;mulligan/sim-square-narrow-c01-baseline-policy-rollouts;mulligan/sim-square-narrow-c01-dagger-baseline;mulligan/sim-square-narrow-c02-baseline-policy-rollouts;mulligan/sim-square-narrow-c02-dagger-baseline;mulligan/sim-square-narrow-c03-baseline-policy-rollouts;mulligan/sim-square-narrow-c03-dagger-baseline,
mulligan/sim-square-narrow-r03-baseline-with-c03-rollouts-idql,seed-1,d81307cb907fab0e705e079828808d4ca8855416,release-1,sim,sim-square-narrow,r03,idql-agent,baseline-with-c03-rollouts,1,square_narrow_r3_baseline_uniform_no_cf_human_only_with_c03_rollouts,150001,,,mulligan/sim-square-narrow-c00-teleop-baseline;mulligan/sim-square-narrow-c01-baseline-policy-rollouts;mulligan/sim-square-narrow-c01-dagger-baseline;mulligan/sim-square-narrow-c02-baseline-policy-rollouts;mulligan/sim-square-narrow-c02-dagger-baseline;mulligan/sim-square-narrow-c03-baseline-policy-rollouts;mulligan/sim-square-narrow-c03-dagger-baseline,
mulligan/sim-square-narrow-r03-baseline-with-c03-rollouts-idql,seed-2,d81307cb907fab0e705e079828808d4ca8855416,release-1,sim,sim-square-narrow,r03,idql-agent,baseline-with-c03-rollouts,2,square_narrow_r3_baseline_uniform_no_cf_human_only_with_c03_rollouts,150001,,,mulligan/sim-square-narrow-c00-teleop-baseline;mulligan/sim-square-narrow-c01-baseline-policy-rollouts;mulligan/sim-square-narrow-c01-dagger-baseline;mulligan/sim-square-narrow-c02-baseline-policy-rollouts;mulligan/sim-square-narrow-c02-dagger-baseline;mulligan/sim-square-narrow-c03-baseline-policy-rollouts;mulligan/sim-square-narrow-c03-dagger-baseline,
mulligan/sim-square-narrow-r03-baseline-with-c03-rollouts-idql,seed-3,d81307cb907fab0e705e079828808d4ca8855416,release-1,sim,sim-square-narrow,r03,idql-agent,baseline-with-c03-rollouts,3,square_narrow_r3_baseline_uniform_no_cf_human_only_with_c03_rollouts,150001,,,mulligan/sim-square-narrow-c00-teleop-baseline;mulligan/sim-square-narrow-c01-baseline-policy-rollouts;mulligan/sim-square-narrow-c01-dagger-baseline;mulligan/sim-square-narrow-c02-baseline-policy-rollouts;mulligan/sim-square-narrow-c02-dagger-baseline;mulligan/sim-square-narrow-c03-baseline-policy-rollouts;mulligan/sim-square-narrow-c03-dagger-baseline,
mulligan/sim-square-narrow-r03-baseline-with-c03-rollouts-idql,seed-4,d81307cb907fab0e705e079828808d4ca8855416,release-1,sim,sim-square-narrow,r03,idql-agent,baseline-with-c03-rollouts,4,square_narrow_r3_baseline_uniform_no_cf_human_only_with_c03_rollouts,150001,,,mulligan/sim-square-narrow-c00-teleop-baseline;mulligan/sim-square-narrow-c01-baseline-policy-rollouts;mulligan/sim-square-narrow-c01-dagger-baseline;mulligan/sim-square-narrow-c02-baseline-policy-rollouts;mulligan/sim-square-narrow-c02-dagger-baseline;mulligan/sim-square-narrow-c03-baseline-policy-rollouts;mulligan/sim-square-narrow-c03-dagger-baseline,
mulligan/sim-square-narrow-r03-baseline-with-c03-rollouts-idql,seed-5,d81307cb907fab0e705e079828808d4ca8855416,release-1,sim,sim-square-narrow,r03,idql-agent,baseline-with-c03-rollouts,5,square_narrow_r3_baseline_uniform_no_cf_human_only_with_c03_rollouts,150001,,,mulligan/sim-square-narrow-c00-teleop-baseline;mulligan/sim-square-narrow-c01-baseline-policy-rollouts;mulligan/sim-square-narrow-c01-dagger-baseline;mulligan/sim-square-narrow-c02-baseline-policy-rollouts;mulligan/sim-square-narrow-c02-dagger-baseline;mulligan/sim-square-narrow-c03-baseline-policy-rollouts;mulligan/sim-square-narrow-c03-dagger-baseline,
mulligan/sim-square-narrow-r03-mulligan-divl,seed-1,38eaa910f1a6f22864e1c95d315ae6e1542676d7,release-1,sim,sim-square-narrow,r03,divl-agent,mulligan,1,square_narrow_r3_mulligan_with_cf_human_only,150001,,,mulligan/sim-square-narrow-c00-teleop-sobol;mulligan/sim-square-narrow-c01-dagger-mulligan;mulligan/sim-square-narrow-c01-sobol-policy-rollouts;mulligan/sim-square-narrow-c02-dagger-mulligan;mulligan/sim-square-narrow-c02-mulligan-policy-rollouts;mulligan/sim-square-narrow-c03-dagger-mulligan;mulligan/sim-square-narrow-c03-mulligan-policy-rollouts,
mulligan/sim-square-narrow-r03-mulligan-divl,seed-2,38eaa910f1a6f22864e1c95d315ae6e1542676d7,release-1,sim,sim-square-narrow,r03,divl-agent,mulligan,2,square_narrow_r3_mulligan_with_cf_human_only,150001,,,mulligan/sim-square-narrow-c00-teleop-sobol;mulligan/sim-square-narrow-c01-dagger-mulligan;mulligan/sim-square-narrow-c01-sobol-policy-rollouts;mulligan/sim-square-narrow-c02-dagger-mulligan;mulligan/sim-square-narrow-c02-mulligan-policy-rollouts;mulligan/sim-square-narrow-c03-dagger-mulligan;mulligan/sim-square-narrow-c03-mulligan-policy-rollouts,
mulligan/sim-square-narrow-r03-mulligan-divl,seed-3,38eaa910f1a6f22864e1c95d315ae6e1542676d7,release-1,sim,sim-square-narrow,r03,divl-agent,mulligan,3,square_narrow_r3_mulligan_with_cf_human_only,150001,,,mulligan/sim-square-narrow-c00-teleop-sobol;mulligan/sim-square-narrow-c01-dagger-mulligan;mulligan/sim-square-narrow-c01-sobol-policy-rollouts;mulligan/sim-square-narrow-c02-dagger-mulligan;mulligan/sim-square-narrow-c02-mulligan-policy-rollouts;mulligan/sim-square-narrow-c03-dagger-mulligan;mulligan/sim-square-narrow-c03-mulligan-policy-rollouts,
mulligan/sim-square-narrow-r03-mulligan-divl,seed-4,38eaa910f1a6f22864e1c95d315ae6e1542676d7,release-1,sim,sim-square-narrow,r03,divl-agent,mulligan,4,square_narrow_r3_mulligan_with_cf_human_only,150001,,,mulligan/sim-square-narrow-c00-teleop-sobol;mulligan/sim-square-narrow-c01-dagger-mulligan;mulligan/sim-square-narrow-c01-sobol-policy-rollouts;mulligan/sim-square-narrow-c02-dagger-mulligan;mulligan/sim-square-narrow-c02-mulligan-policy-rollouts;mulligan/sim-square-narrow-c03-dagger-mulligan;mulligan/sim-square-narrow-c03-mulligan-policy-rollouts,
mulligan/sim-square-narrow-r03-mulligan-divl,seed-5,38eaa910f1a6f22864e1c95d315ae6e1542676d7,release-1,sim,sim-square-narrow,r03,divl-agent,mulligan,5,square_narrow_r3_mulligan_with_cf_human_only,150001,,,mulligan/sim-square-narrow-c00-teleop-sobol;mulligan/sim-square-narrow-c01-dagger-mulligan;mulligan/sim-square-narrow-c01-sobol-policy-rollouts;mulligan/sim-square-narrow-c02-dagger-mulligan;mulligan/sim-square-narrow-c02-mulligan-policy-rollouts;mulligan/sim-square-narrow-c03-dagger-mulligan;mulligan/sim-square-narrow-c03-mulligan-policy-rollouts,
mulligan/sim-square-narrow-r03-mulligan-idql,seed-1,0df8f706385b0a1c2550e1225ef290f9c9a1ab07,release-1,sim,sim-square-narrow,r03,idql-agent,mulligan,1,square_narrow_r3_mulligan_with_cf_human_only,150001,,,mulligan/sim-square-narrow-c00-teleop-sobol;mulligan/sim-square-narrow-c01-dagger-mulligan;mulligan/sim-square-narrow-c01-sobol-policy-rollouts;mulligan/sim-square-narrow-c02-dagger-mulligan;mulligan/sim-square-narrow-c02-mulligan-policy-rollouts;mulligan/sim-square-narrow-c03-dagger-mulligan;mulligan/sim-square-narrow-c03-mulligan-policy-rollouts,
mulligan/sim-square-narrow-r03-mulligan-idql,seed-2,0df8f706385b0a1c2550e1225ef290f9c9a1ab07,release-1,sim,sim-square-narrow,r03,idql-agent,mulligan,2,square_narrow_r3_mulligan_with_cf_human_only,150001,,,mulligan/sim-square-narrow-c00-teleop-sobol;mulligan/sim-square-narrow-c01-dagger-mulligan;mulligan/sim-square-narrow-c01-sobol-policy-rollouts;mulligan/sim-square-narrow-c02-dagger-mulligan;mulligan/sim-square-narrow-c02-mulligan-policy-rollouts;mulligan/sim-square-narrow-c03-dagger-mulligan;mulligan/sim-square-narrow-c03-mulligan-policy-rollouts,
mulligan/sim-square-narrow-r03-mulligan-idql,seed-3,0df8f706385b0a1c2550e1225ef290f9c9a1ab07,release-1,sim,sim-square-narrow,r03,idql-agent,mulligan,3,square_narrow_r3_mulligan_with_cf_human_only,150001,,,mulligan/sim-square-narrow-c00-teleop-sobol;mulligan/sim-square-narrow-c01-dagger-mulligan;mulligan/sim-square-narrow-c01-sobol-policy-rollouts;mulligan/sim-square-narrow-c02-dagger-mulligan;mulligan/sim-square-narrow-c02-mulligan-policy-rollouts;mulligan/sim-square-narrow-c03-dagger-mulligan;mulligan/sim-square-narrow-c03-mulligan-policy-rollouts,
mulligan/sim-square-narrow-r03-mulligan-idql,seed-4,0df8f706385b0a1c2550e1225ef290f9c9a1ab07,release-1,sim,sim-square-narrow,r03,idql-agent,mulligan,4,square_narrow_r3_mulligan_with_cf_human_only,150001,,,mulligan/sim-square-narrow-c00-teleop-sobol;mulligan/sim-square-narrow-c01-dagger-mulligan;mulligan/sim-square-narrow-c01-sobol-policy-rollouts;mulligan/sim-square-narrow-c02-dagger-mulligan;mulligan/sim-square-narrow-c02-mulligan-policy-rollouts;mulligan/sim-square-narrow-c03-dagger-mulligan;mulligan/sim-square-narrow-c03-mulligan-policy-rollouts,
mulligan/sim-square-narrow-r03-mulligan-idql,seed-5,0df8f706385b0a1c2550e1225ef290f9c9a1ab07,release-1,sim,sim-square-narrow,r03,idql-agent,mulligan,5,square_narrow_r3_mulligan_with_cf_human_only,150001,,,mulligan/sim-square-narrow-c00-teleop-sobol;mulligan/sim-square-narrow-c01-dagger-mulligan;mulligan/sim-square-narrow-c01-sobol-policy-rollouts;mulligan/sim-square-narrow-c02-dagger-mulligan;mulligan/sim-square-narrow-c02-mulligan-policy-rollouts;mulligan/sim-square-narrow-c03-dagger-mulligan;mulligan/sim-square-narrow-c03-mulligan-policy-rollouts,
mulligan/sim-square-narrow-r03-mulligan-no-c03-rollouts-divl,seed-1,74cb0bbc716be2bbcb45965067e7cb45d8c9260b,release-1,sim,sim-square-narrow,r03,divl-agent,mulligan-no-c03-rollouts,1,square_narrow_r3_mulligan_with_cf_human_only_no_c03_rollouts,150001,,,mulligan/sim-square-narrow-c00-teleop-sobol;mulligan/sim-square-narrow-c01-dagger-mulligan;mulligan/sim-square-narrow-c01-sobol-policy-rollouts;mulligan/sim-square-narrow-c02-dagger-mulligan;mulligan/sim-square-narrow-c02-mulligan-policy-rollouts;mulligan/sim-square-narrow-c03-dagger-mulligan,
mulligan/sim-square-narrow-r03-mulligan-no-c03-rollouts-divl,seed-2,74cb0bbc716be2bbcb45965067e7cb45d8c9260b,release-1,sim,sim-square-narrow,r03,divl-agent,mulligan-no-c03-rollouts,2,square_narrow_r3_mulligan_with_cf_human_only_no_c03_rollouts,150001,,,mulligan/sim-square-narrow-c00-teleop-sobol;mulligan/sim-square-narrow-c01-dagger-mulligan;mulligan/sim-square-narrow-c01-sobol-policy-rollouts;mulligan/sim-square-narrow-c02-dagger-mulligan;mulligan/sim-square-narrow-c02-mulligan-policy-rollouts;mulligan/sim-square-narrow-c03-dagger-mulligan,
mulligan/sim-square-narrow-r03-mulligan-no-c03-rollouts-divl,seed-3,74cb0bbc716be2bbcb45965067e7cb45d8c9260b,release-1,sim,sim-square-narrow,r03,divl-agent,mulligan-no-c03-rollouts,3,square_narrow_r3_mulligan_with_cf_human_only_no_c03_rollouts,150001,,,mulligan/sim-square-narrow-c00-teleop-sobol;mulligan/sim-square-narrow-c01-dagger-mulligan;mulligan/sim-square-narrow-c01-sobol-policy-rollouts;mulligan/sim-square-narrow-c02-dagger-mulligan;mulligan/sim-square-narrow-c02-mulligan-policy-rollouts;mulligan/sim-square-narrow-c03-dagger-mulligan,
mulligan/sim-square-narrow-r03-mulligan-no-c03-rollouts-divl,seed-4,74cb0bbc716be2bbcb45965067e7cb45d8c9260b,release-1,sim,sim-square-narrow,r03,divl-agent,mulligan-no-c03-rollouts,4,square_narrow_r3_mulligan_with_cf_human_only_no_c03_rollouts,150001,,,mulligan/sim-square-narrow-c00-teleop-sobol;mulligan/sim-square-narrow-c01-dagger-mulligan;mulligan/sim-square-narrow-c01-sobol-policy-rollouts;mulligan/sim-square-narrow-c02-dagger-mulligan;mulligan/sim-square-narrow-c02-mulligan-policy-rollouts;mulligan/sim-square-narrow-c03-dagger-mulligan,
mulligan/sim-square-narrow-r03-mulligan-no-c03-rollouts-divl,seed-5,74cb0bbc716be2bbcb45965067e7cb45d8c9260b,release-1,sim,sim-square-narrow,r03,divl-agent,mulligan-no-c03-rollouts,5,square_narrow_r3_mulligan_with_cf_human_only_no_c03_rollouts,150001,,,mulligan/sim-square-narrow-c00-teleop-sobol;mulligan/sim-square-narrow-c01-dagger-mulligan;mulligan/sim-square-narrow-c01-sobol-policy-rollouts;mulligan/sim-square-narrow-c02-dagger-mulligan;mulligan/sim-square-narrow-c02-mulligan-policy-rollouts;mulligan/sim-square-narrow-c03-dagger-mulligan,
mulligan/sim-square-narrow-r03-mulligan-no-c03-rollouts-idql,seed-1,ff759de849d850590ba4c9994c220b0dee0a6756,release-1,sim,sim-square-narrow,r03,idql-agent,mulligan-no-c03-rollouts,1,square_narrow_r3_mulligan_with_cf_human_only_no_c03_rollouts,150001,,,mulligan/sim-square-narrow-c00-teleop-sobol;mulligan/sim-square-narrow-c01-dagger-mulligan;mulligan/sim-square-narrow-c01-sobol-policy-rollouts;mulligan/sim-square-narrow-c02-dagger-mulligan;mulligan/sim-square-narrow-c02-mulligan-policy-rollouts;mulligan/sim-square-narrow-c03-dagger-mulligan,
mulligan/sim-square-narrow-r03-mulligan-no-c03-rollouts-idql,seed-2,ff759de849d850590ba4c9994c220b0dee0a6756,release-1,sim,sim-square-narrow,r03,idql-agent,mulligan-no-c03-rollouts,2,square_narrow_r3_mulligan_with_cf_human_only_no_c03_rollouts,150001,,,mulligan/sim-square-narrow-c00-teleop-sobol;mulligan/sim-square-narrow-c01-dagger-mulligan;mulligan/sim-square-narrow-c01-sobol-policy-rollouts;mulligan/sim-square-narrow-c02-dagger-mulligan;mulligan/sim-square-narrow-c02-mulligan-policy-rollouts;mulligan/sim-square-narrow-c03-dagger-mulligan,
mulligan/sim-square-narrow-r03-mulligan-no-c03-rollouts-idql,seed-3,ff759de849d850590ba4c9994c220b0dee0a6756,release-1,sim,sim-square-narrow,r03,idql-agent,mulligan-no-c03-rollouts,3,square_narrow_r3_mulligan_with_cf_human_only_no_c03_rollouts,150001,,,mulligan/sim-square-narrow-c00-teleop-sobol;mulligan/sim-square-narrow-c01-dagger-mulligan;mulligan/sim-square-narrow-c01-sobol-policy-rollouts;mulligan/sim-square-narrow-c02-dagger-mulligan;mulligan/sim-square-narrow-c02-mulligan-policy-rollouts;mulligan/sim-square-narrow-c03-dagger-mulligan,
mulligan/sim-square-narrow-r03-mulligan-no-c03-rollouts-idql,seed-4,ff759de849d850590ba4c9994c220b0dee0a6756,release-1,sim,sim-square-narrow,r03,idql-agent,mulligan-no-c03-rollouts,4,square_narrow_r3_mulligan_with_cf_human_only_no_c03_rollouts,150001,,,mulligan/sim-square-narrow-c00-teleop-sobol;mulligan/sim-square-narrow-c01-dagger-mulligan;mulligan/sim-square-narrow-c01-sobol-policy-rollouts;mulligan/sim-square-narrow-c02-dagger-mulligan;mulligan/sim-square-narrow-c02-mulligan-policy-rollouts;mulligan/sim-square-narrow-c03-dagger-mulligan,
mulligan/sim-square-narrow-r03-mulligan-no-c03-rollouts-idql,seed-5,ff759de849d850590ba4c9994c220b0dee0a6756,release-1,sim,sim-square-narrow,r03,idql-agent,mulligan-no-c03-rollouts,5,square_narrow_r3_mulligan_with_cf_human_only_no_c03_rollouts,150001,,,mulligan/sim-square-narrow-c00-teleop-sobol;mulligan/sim-square-narrow-c01-dagger-mulligan;mulligan/sim-square-narrow-c01-sobol-policy-rollouts;mulligan/sim-square-narrow-c02-dagger-mulligan;mulligan/sim-square-narrow-c02-mulligan-policy-rollouts;mulligan/sim-square-narrow-c03-dagger-mulligan,
mulligan/sim-square-narrow-r03-mulligan-no-cf-divl,seed-1,b04942ccddfb9817da8c910eaace68c80d7e5111,release-1,sim,sim-square-narrow,r03,divl-agent,mulligan-no-cf,1,square_narrow_r3_mulligan_no_cf_human_only,150001,,,mulligan/sim-square-narrow-c00-teleop-sobol;mulligan/sim-square-narrow-c01-dagger-mulligan-no-cf;mulligan/sim-square-narrow-c01-sobol-policy-rollouts;mulligan/sim-square-narrow-c02-dagger-mulligan-no-cf;mulligan/sim-square-narrow-c02-mulligan-policy-rollouts;mulligan/sim-square-narrow-c03-dagger-mulligan-no-cf;mulligan/sim-square-narrow-c03-mulligan-policy-rollouts,
mulligan/sim-square-narrow-r03-mulligan-no-cf-divl,seed-2,b04942ccddfb9817da8c910eaace68c80d7e5111,release-1,sim,sim-square-narrow,r03,divl-agent,mulligan-no-cf,2,square_narrow_r3_mulligan_no_cf_human_only,150001,,,mulligan/sim-square-narrow-c00-teleop-sobol;mulligan/sim-square-narrow-c01-dagger-mulligan-no-cf;mulligan/sim-square-narrow-c01-sobol-policy-rollouts;mulligan/sim-square-narrow-c02-dagger-mulligan-no-cf;mulligan/sim-square-narrow-c02-mulligan-policy-rollouts;mulligan/sim-square-narrow-c03-dagger-mulligan-no-cf;mulligan/sim-square-narrow-c03-mulligan-policy-rollouts,
mulligan/sim-square-narrow-r03-mulligan-no-cf-divl,seed-3,b04942ccddfb9817da8c910eaace68c80d7e5111,release-1,sim,sim-square-narrow,r03,divl-agent,mulligan-no-cf,3,square_narrow_r3_mulligan_no_cf_human_only,150001,,,mulligan/sim-square-narrow-c00-teleop-sobol;mulligan/sim-square-narrow-c01-dagger-mulligan-no-cf;mulligan/sim-square-narrow-c01-sobol-policy-rollouts;mulligan/sim-square-narrow-c02-dagger-mulligan-no-cf;mulligan/sim-square-narrow-c02-mulligan-policy-rollouts;mulligan/sim-square-narrow-c03-dagger-mulligan-no-cf;mulligan/sim-square-narrow-c03-mulligan-policy-rollouts,
mulligan/sim-square-narrow-r03-mulligan-no-cf-divl,seed-4,b04942ccddfb9817da8c910eaace68c80d7e5111,release-1,sim,sim-square-narrow,r03,divl-agent,mulligan-no-cf,4,square_narrow_r3_mulligan_no_cf_human_only,150001,,,mulligan/sim-square-narrow-c00-teleop-sobol;mulligan/sim-square-narrow-c01-dagger-mulligan-no-cf;mulligan/sim-square-narrow-c01-sobol-policy-rollouts;mulligan/sim-square-narrow-c02-dagger-mulligan-no-cf;mulligan/sim-square-narrow-c02-mulligan-policy-rollouts;mulligan/sim-square-narrow-c03-dagger-mulligan-no-cf;mulligan/sim-square-narrow-c03-mulligan-policy-rollouts,
mulligan/sim-square-narrow-r03-mulligan-no-cf-divl,seed-5,b04942ccddfb9817da8c910eaace68c80d7e5111,release-1,sim,sim-square-narrow,r03,divl-agent,mulligan-no-cf,5,square_narrow_r3_mulligan_no_cf_human_only,150001,,,mulligan/sim-square-narrow-c00-teleop-sobol;mulligan/sim-square-narrow-c01-dagger-mulligan-no-cf;mulligan/sim-square-narrow-c01-sobol-policy-rollouts;mulligan/sim-square-narrow-c02-dagger-mulligan-no-cf;mulligan/sim-square-narrow-c02-mulligan-policy-rollouts;mulligan/sim-square-narrow-c03-dagger-mulligan-no-cf;mulligan/sim-square-narrow-c03-mulligan-policy-rollouts,
mulligan/sim-square-narrow-r03-mulligan-no-cf-idql,seed-1,ff1d1873f9b433664f1af343edf280aa80253890,release-1,sim,sim-square-narrow,r03,idql-agent,mulligan-no-cf,1,square_narrow_r3_mulligan_no_cf_human_only,150001,,,mulligan/sim-square-narrow-c00-teleop-sobol;mulligan/sim-square-narrow-c01-dagger-mulligan-no-cf;mulligan/sim-square-narrow-c01-sobol-policy-rollouts;mulligan/sim-square-narrow-c02-dagger-mulligan-no-cf;mulligan/sim-square-narrow-c02-mulligan-policy-rollouts;mulligan/sim-square-narrow-c03-dagger-mulligan-no-cf;mulligan/sim-square-narrow-c03-mulligan-policy-rollouts,
mulligan/sim-square-narrow-r03-mulligan-no-cf-idql,seed-2,ff1d1873f9b433664f1af343edf280aa80253890,release-1,sim,sim-square-narrow,r03,idql-agent,mulligan-no-cf,2,square_narrow_r3_mulligan_no_cf_human_only,150001,,,mulligan/sim-square-narrow-c00-teleop-sobol;mulligan/sim-square-narrow-c01-dagger-mulligan-no-cf;mulligan/sim-square-narrow-c01-sobol-policy-rollouts;mulligan/sim-square-narrow-c02-dagger-mulligan-no-cf;mulligan/sim-square-narrow-c02-mulligan-policy-rollouts;mulligan/sim-square-narrow-c03-dagger-mulligan-no-cf;mulligan/sim-square-narrow-c03-mulligan-policy-rollouts,
mulligan/sim-square-narrow-r03-mulligan-no-cf-idql,seed-3,ff1d1873f9b433664f1af343edf280aa80253890,release-1,sim,sim-square-narrow,r03,idql-agent,mulligan-no-cf,3,square_narrow_r3_mulligan_no_cf_human_only,150001,,,mulligan/sim-square-narrow-c00-teleop-sobol;mulligan/sim-square-narrow-c01-dagger-mulligan-no-cf;mulligan/sim-square-narrow-c01-sobol-policy-rollouts;mulligan/sim-square-narrow-c02-dagger-mulligan-no-cf;mulligan/sim-square-narrow-c02-mulligan-policy-rollouts;mulligan/sim-square-narrow-c03-dagger-mulligan-no-cf;mulligan/sim-square-narrow-c03-mulligan-policy-rollouts,
mulligan/sim-square-narrow-r03-mulligan-no-cf-idql,seed-4,ff1d1873f9b433664f1af343edf280aa80253890,release-1,sim,sim-square-narrow,r03,idql-agent,mulligan-no-cf,4,square_narrow_r3_mulligan_no_cf_human_only,150001,,,mulligan/sim-square-narrow-c00-teleop-sobol;mulligan/sim-square-narrow-c01-dagger-mulligan-no-cf;mulligan/sim-square-narrow-c01-sobol-policy-rollouts;mulligan/sim-square-narrow-c02-dagger-mulligan-no-cf;mulligan/sim-square-narrow-c02-mulligan-policy-rollouts;mulligan/sim-square-narrow-c03-dagger-mulligan-no-cf;mulligan/sim-square-narrow-c03-mulligan-policy-rollouts,
mulligan/sim-square-narrow-r03-mulligan-no-cf-idql,seed-5,ff1d1873f9b433664f1af343edf280aa80253890,release-1,sim,sim-square-narrow,r03,idql-agent,mulligan-no-cf,5,square_narrow_r3_mulligan_no_cf_human_only,150001,,,mulligan/sim-square-narrow-c00-teleop-sobol;mulligan/sim-square-narrow-c01-dagger-mulligan-no-cf;mulligan/sim-square-narrow-c01-sobol-policy-rollouts;mulligan/sim-square-narrow-c02-dagger-mulligan-no-cf;mulligan/sim-square-narrow-c02-mulligan-policy-rollouts;mulligan/sim-square-narrow-c03-dagger-mulligan-no-cf;mulligan/sim-square-narrow-c03-mulligan-policy-rollouts,
